date,symbol,realized_forward_return,predicted_class,realized_class,score,class_0_prob,class_1_prob,class_2_prob,class_3_prob,class_4_prob,class_3_4_prob,target_weight
2021-01-04,VN:DXG,0.06707317073170738,1,3.0,0.20888178762488857,0.2442555932605418,0.3203605890139718,0.11577594594001972,0.17275296998199188,0.1468549018034748,0.3196078717854667,0.125
2021-01-04,VN:HCM,-0.03129085679421251,1,0.0,0.20888178762488857,0.2442555932605418,0.3203605890139718,0.11577594594001972,0.17275296998199188,0.1468549018034748,0.3196078717854667,0.125
2021-01-04,VN:PVD,0.2341040462427746,1,4.0,0.20888178762488857,0.2442555932605418,0.3203605890139718,0.11577594594001972,0.17275296998199188,0.1468549018034748,0.3196078717854667,0.125
2021-01-14,VN:FTS,-0.20960698689956336,1,0.0,0.17143806687416085,0.2678493539404172,0.30939137705123887,0.11223966544687997,0.16878785067209712,0.1417317528893668,0.3105196035614639,0.125
2021-01-14,VN:EVF,-0.25233644859813087,1,0.0,0.17120071990488886,0.2674784918505178,0.3089629961704761,0.11346883902745189,0.16855415450700886,0.1415355184445453,0.31008967295155415,0.125
2021-01-14,VN:NKG,-0.09968847352024945,1,0.0,0.17120071990488886,0.2674784918505178,0.3089629961704761,0.11346883902745189,0.16855415450700886,0.1415355184445453,0.31008967295155415,0.125
2021-01-26,VN:PTB,0.024861878453038555,0,1.0,0.1364000141620636,0.29464438557624817,0.2900949716567993,0.1102801263332367,0.16942483186721802,0.1355556845664978,0.3049805164337158,0.125
2021-01-26,VN:HDC,0.1130653266331656,0,3.0,0.1317914147941979,0.2965929850428251,0.2920134707095246,0.10990674957494065,0.16503462441317177,0.13645217025953785,0.3014867946727096,0.125
2021-01-26,VN:NKG,-0.07647058823529407,0,0.0,0.13151781652920885,0.2966864495481983,0.29210550463514046,0.10994138151232545,0.16477148725901505,0.13649517704532077,0.3012666643043358,0.125
2021-02-05,VN:VIB,0.23173963744301918,0,4.0,0.1317914147941979,0.2965929850428251,0.2920134707095246,0.10990674957494065,0.16503462441317177,0.13645217025953785,0.3014867946727096,0.125
2021-02-05,VN:SJS,0.12569832402234637,0,4.0,0.13151781652920885,0.2966864495481983,0.29210550463514046,0.10994138151232545,0.16477148725901505,0.13649517704532077,0.3012666643043358,0.125
2021-02-05,VN:VIX,0.35380989787902606,0,4.0,0.13151781652920885,0.2966864495481983,0.29210550463514046,0.10994138151232545,0.16477148725901505,0.13649517704532077,0.3012666643043358,0.125
2021-02-24,VN:VIB,0.161850290989364,0,4.0,0.1317914147941979,0.2965929850428251,0.2920134707095246,0.10990674957494065,0.16503462441317177,0.13645217025953785,0.3014867946727096,0.125
2021-02-24,VN:DGW,0.2638171629491264,0,4.0,0.13151781652920885,0.2966864495481983,0.29210550463514046,0.10994138151232545,0.16477148725901505,0.13649517704532077,0.3012666643043358,0.125
2021-02-24,VN:HDC,0.08333333333333326,0,3.0,0.13151781652920885,0.2966864495481983,0.29210550463514046,0.10994138151232545,0.16477148725901505,0.13649517704532077,0.3012666643043358,0.125
2021-03-08,VN:VIB,0.015044786503174201,0,1.0,0.1317914147941979,0.2965929850428251,0.2920134707095246,0.10990674957494065,0.16503462441317177,0.13645217025953785,0.3014867946727096,0.125
2021-03-08,VN:DCM,0.014925373134328401,0,1.0,0.13151781652920885,0.2966864495481983,0.29210550463514046,0.10994138151232545,0.16477148725901505,0.13649517704532077,0.3012666643043358,0.125
2021-03-08,VN:HDC,-0.006849315068493178,0,1.0,0.13151781652920885,0.2966864495481983,0.29210550463514046,0.10994138151232545,0.16477148725901505,0.13649517704532077,0.3012666643043358,0.125
2021-03-18,VN:VIB,0.16503978344680492,0,4.0,0.1317914147941979,0.2965929850428251,0.2920134707095246,0.10990674957494065,0.16503462441317177,0.13645217025953785,0.3014867946727096,0.125
2021-03-18,VN:CTS,0.02034883720930236,0,1.0,0.13151781652920885,0.2966864495481983,0.29210550463514046,0.10994138151232545,0.16477148725901505,0.13649517704532077,0.3012666643043358,0.125
2021-03-18,VN:DCM,0.028653295128939993,0,1.0,0.13151781652920885,0.2966864495481983,0.29210550463514046,0.10994138151232545,0.16477148725901505,0.13649517704532077,0.3012666643043358,0.125
2021-03-30,VN:LPB,0.07222457328255039,0,3.0,0.13151781652920885,0.2966864495481983,0.29210550463514046,0.10994138151232545,0.16477148725901505,0.13649517704532077,0.3012666643043358,0.125
2021-03-30,VN:SHB,0.10643591130340724,0,3.0,0.13151781652920885,0.2966864495481983,0.29210550463514046,0.10994138151232545,0.16477148725901505,0.13649517704532077,0.3012666643043358,0.125
2021-03-30,VN:VCI,0.012368484459079676,0,1.0,0.13151781652920885,0.2966864495481983,0.29210550463514046,0.10994138151232545,0.16477148725901505,0.13649517704532077,0.3012666643043358,0.125
2021-04-09,VN:STB,0.06607929515418509,0,3.0,0.1317914147941979,0.2965929850428251,0.2920134707095246,0.10990674957494065,0.16503462441317177,0.13645217025953785,0.3014867946727096,0.125
2021-04-09,VN:VPB,0.16525479814692257,0,4.0,0.1317914147941979,0.2965929850428251,0.2920134707095246,0.10990674957494065,0.16503462441317177,0.13645217025953785,0.3014867946727096,0.125
2021-04-09,VN:DXG,-0.07199999999999995,0,0.0,0.13151781652920885,0.2966864495481983,0.29210550463514046,0.10994138151232545,0.16477148725901505,0.13649517704532077,0.3012666643043358,0.125
2021-04-22,VN:NKG,0.27091633466135456,0,4.0,0.12773497307498027,0.29797872678951376,0.29337781449125844,0.11042024857982807,0.1611335116540379,0.1370896984853618,0.2982232101393997,0.125
2021-04-22,VN:SHB,-0.05881813176729678,0,0.0,0.12773497307498027,0.29797872678951376,0.29337781449125844,0.11042024857982807,0.1611335116540379,0.1370896984853618,0.2982232101393997,0.125
2021-04-22,VN:SJS,0.06465517241379315,0,3.0,0.12773497307498027,0.29797872678951376,0.29337781449125844,0.11042024857982807,0.1611335116540379,0.1370896984853618,0.2982232101393997,0.125
2021-05-06,VN:LPB,0.12507333098674178,0,4.0,0.1317914147941979,0.2965929850428251,0.2920134707095246,0.10990674957494065,0.16503462441317177,0.13645217025953785,0.3014867946727096,0.125
2021-05-06,VN:STB,0.18442622950819665,0,4.0,0.1317914147941979,0.2965929850428251,0.2920134707095246,0.10990674957494065,0.16503462441317177,0.13645217025953785,0.3014867946727096,0.125
2021-05-06,VN:HSG,0.08884607150503099,0,3.0,0.13151781652920885,0.2966864495481983,0.29210550463514046,0.10994138151232545,0.16477148725901505,0.13649517704532077,0.3012666643043358,0.125
2021-05-18,VN:FTS,0.4811798099469333,0,4.0,0.1317914147941979,0.2965929850428251,0.2920134707095246,0.10990674957494065,0.16503462441317177,0.13645217025953785,0.3014867946727096,0.125
2021-05-18,VN:LPB,0.4717241379310344,0,4.0,0.1317914147941979,0.2965929850428251,0.2920134707095246,0.10990674957494065,0.16503462441317177,0.13645217025953785,0.3014867946727096,0.125
2021-05-18,VN:DGW,-0.0902196060674666,0,0.0,0.13151781652920885,0.2966864495481983,0.29210550463514046,0.10994138151232545,0.16477148725901505,0.13649517704532077,0.3012666643043358,0.125
2021-05-28,VN:LPB,0.03573296147812455,0,2.0,0.1317914147941979,0.2965929850428251,0.2920134707095246,0.10990674957494065,0.16503462441317177,0.13645217025953785,0.3014867946727096,0.125
2021-05-28,VN:FTS,0.32173405909797825,0,4.0,0.13151781652920885,0.2966864495481983,0.29210550463514046,0.10994138151232545,0.16477148725901505,0.13649517704532077,0.3012666643043358,0.125
2021-05-28,VN:VCI,0.36915476754415644,0,4.0,0.13151781652920885,0.2966864495481983,0.29210550463514046,0.10994138151232545,0.16477148725901505,0.13649517704532077,0.3012666643043358,0.125
2021-06-09,VN:CTS,0.07657657657657646,0,3.0,0.13151781652920885,0.2966864495481983,0.29210550463514046,0.10994138151232545,0.16477148725901505,0.13649517704532077,0.3012666643043358,0.125
2021-06-09,VN:VCI,0.2591134180538155,0,4.0,0.13151781652920885,0.2966864495481983,0.29210550463514046,0.10994138151232545,0.16477148725901505,0.13649517704532077,0.3012666643043358,0.125
2021-06-09,VN:SJS,0.10056925996204935,0,3.0,0.12816475427273477,0.29783189518624464,0.29323327759827134,0.11036584608529393,0.1615468275662275,0.13702215356396252,0.29856898113019004,0.125
2021-06-21,VN:NKG,0.05918057663125942,0,3.0,0.13151781652920885,0.2966864495481983,0.29210550463514046,0.10994138151232545,0.16477148725901505,0.13649517704532077,0.3012666643043358,0.125
2021-06-21,VN:SJS,-0.09238249594813619,0,0.0,0.13151781652920885,0.2966864495481983,0.29210550463514046,0.10994138151232545,0.16477148725901505,0.13649517704532077,0.3012666643043358,0.125
2021-06-21,VN:ANV,-0.06634304207119746,0,0.0,0.12773497307498027,0.29797872678951376,0.29337781449125844,0.11042024857982807,0.1611335116540379,0.1370896984853618,0.2982232101393997,0.125
2021-07-01,VN:CTS,-0.22177419354838723,0,0.0,0.13151781652920885,0.2966864495481983,0.29210550463514046,0.10994138151232545,0.16477148725901505,0.13649517704532077,0.3012666643043358,0.125
2021-07-01,VN:NKG,-0.1607142857142856,0,0.0,0.13151781652920885,0.2966864495481983,0.29210550463514046,0.10994138151232545,0.16477148725901505,0.13649517704532077,0.3012666643043358,0.125
2021-07-01,VN:SJS,-0.02931596091205224,0,0.0,0.13151781652920885,0.2966864495481983,0.29210550463514046,0.10994138151232545,0.16477148725901505,0.13649517704532077,0.3012666643043358,0.125
2021-07-13,VN:SJS,0.04166666666666674,0,2.0,0.12816475427273477,0.29783189518624464,0.29323327759827134,0.11036584608529393,0.1615468275662275,0.13702215356396252,0.29856898113019004,0.125
2021-07-13,VN:HDC,0.19999999999999996,0,4.0,0.12674583683529253,0.2983166321861242,0.2937105043785349,0.11054547295787145,0.16018222511086203,0.13724516536660739,0.2974273904774694,0.125
2021-07-13,VN:FTS,0.03168529006581955,0,1.0,0.1227863458421754,0.2996692426428775,0.2950422531748322,0.11104669670119949,0.15637435368540184,0.13786745379568904,0.29424180748109086,0.125
2021-07-23,VN:HDG,0.11006507592190884,0,3.0,0.1317914147941979,0.2965929850428251,0.2920134707095246,0.10990674957494065,0.16503462441317177,0.13645217025953785,0.3014867946727096,0.125
2021-07-23,VN:SJS,0.02400000000000002,0,1.0,0.13151781652920885,0.2966864495481983,0.29210550463514046,0.10994138151232545,0.16477148725901505,0.13649517704532077,0.3012666643043358,0.125
2021-07-23,VN:HDC,0.10499139414802072,0,3.0,0.12674583683529253,0.2983166321861242,0.2937105043785349,0.11054547295787145,0.16018222511086203,0.13724516536660739,0.2974273904774694,0.125
2021-08-04,VN:FTS,0.3275402765444628,0,4.0,0.13151781652920885,0.2966864495481983,0.29210550463514046,0.10994138151232545,0.16477148725901505,0.13649517704532077,0.3012666643043358,0.125
2021-08-04,VN:SJS,-0.020537124802527562,0,0.0,0.13151781652920885,0.2966864495481983,0.29210550463514046,0.10994138151232545,0.16477148725901505,0.13649517704532077,0.3012666643043358,0.125
2021-08-04,VN:SSI,0.10035278616058152,0,3.0,0.13151781652920885,0.2966864495481983,0.29210550463514046,0.10994138151232545,0.16477148725901505,0.13649517704532077,0.3012666643043358,0.125
2021-08-16,VN:DCM,0.10874200426439229,0,3.0,0.1317914147941979,0.2965929850428251,0.2920134707095246,0.10990674957494065,0.16503462441317177,0.13645217025953785,0.3014867946727096,0.125
2021-08-16,VN:BSI,0.05587902791293953,0,2.0,0.13151781652920885,0.2966864495481983,0.29210550463514046,0.10994138151232545,0.16477148725901505,0.13649517704532077,0.3012666643043358,0.125
2021-08-16,VN:DIG,0.05162241887905594,0,2.0,0.13151781652920885,0.2966864495481983,0.29210550463514046,0.10994138151232545,0.16477148725901505,0.13649517704532077,0.3012666643043358,0.125
2021-08-26,VN:DCM,0.03519668737060022,0,2.0,0.1317914147941979,0.2965929850428251,0.2920134707095246,0.10990674957494065,0.16503462441317177,0.13645217025953785,0.3014867946727096,0.125
2021-08-26,VN:CTS,-0.005244755244755317,0,1.0,0.13151781652920885,0.2966864495481983,0.29210550463514046,0.10994138151232545,0.16477148725901505,0.13649517704532077,0.3012666643043358,0.125
2021-08-26,VN:NKG,0.21468144044321313,0,4.0,0.13151781652920885,0.2966864495481983,0.29210550463514046,0.10994138151232545,0.16477148725901505,0.13649517704532077,0.3012666643043358,0.125
2021-09-09,VN:HDC,0.06717557251908413,0,3.0,0.1317914147941979,0.2965929850428251,0.2920134707095246,0.10990674957494065,0.16503462441317177,0.13645217025953785,0.3014867946727096,0.125
2021-09-09,VN:SSI,-0.08987537181369787,0,0.0,0.13151781652920885,0.2966864495481983,0.29210550463514046,0.10994138151232545,0.16477148725901505,0.13649517704532077,0.3012666643043358,0.125
2021-09-09,VN:VCI,-0.07875828668969065,0,0.0,0.13151781652920885,0.2966864495481983,0.29210550463514046,0.10994138151232545,0.16477148725901505,0.13649517704532077,0.3012666643043358,0.125
2021-09-21,VN:DCM,0.18016194331983804,0,4.0,0.1317914147941979,0.2965929850428251,0.2920134707095246,0.10990674957494065,0.16503462441317177,0.13645217025953785,0.3014867946727096,0.125
2021-09-21,VN:HDC,0.2071330589849112,0,4.0,0.1317914147941979,0.2965929850428251,0.2920134707095246,0.10990674957494065,0.16503462441317177,0.13645217025953785,0.3014867946727096,0.125
2021-09-21,VN:DGW,-0.0017167013583399005,0,1.0,0.1227863458421754,0.2996692426428775,0.2950422531748322,0.11104669670119949,0.15637435368540184,0.13786745379568904,0.29424180748109086,0.125
2021-10-01,VN:DPM,0.16272965879265078,0,4.0,0.1317914147941979,0.2965929850428251,0.2920134707095246,0.10990674957494065,0.16503462441317177,0.13645217025953785,0.3014867946727096,0.125
2021-10-01,VN:HDC,0.24966974900924677,0,4.0,0.1317914147941979,0.2965929850428251,0.2920134707095246,0.10990674957494065,0.16503462441317177,0.13645217025953785,0.3014867946727096,0.125
2021-10-01,VN:DCM,0.15248226950354615,0,4.0,0.13151781652920885,0.2966864495481983,0.29210550463514046,0.10994138151232545,0.16477148725901505,0.13649517704532077,0.3012666643043358,0.125
2021-10-13,VN:DPM,0.2189054726368158,0,4.0,0.1317914147941979,0.2965929850428251,0.2920134707095246,0.10990674957494065,0.16503462441317177,0.13645217025953785,0.3014867946727096,0.125
2021-10-13,VN:BSI,0.13680781758957639,0,4.0,0.13151781652920885,0.2966864495481983,0.29210550463514046,0.10994138151232545,0.16477148725901505,0.13649517704532077,0.3012666643043358,0.125
2021-10-13,VN:EVF,0.19354838709677424,0,4.0,0.13151781652920885,0.2966864495481983,0.29210550463514046,0.10994138151232545,0.16477148725901505,0.13649517704532077,0.3012666643043358,0.125
2021-10-25,VN:DPM,0.19866814650388442,0,4.0,0.1317914147941979,0.2965929850428251,0.2920134707095246,0.10990674957494065,0.16503462441317177,0.13645217025953785,0.3014867946727096,0.125
2021-10-25,VN:FTS,0.20369025754922476,0,4.0,0.13151781652920885,0.2966864495481983,0.29210550463514046,0.10994138151232545,0.16477148725901505,0.13649517704532077,0.3012666643043358,0.125
2021-10-25,VN:PC1,0.1310311170184748,0,4.0,0.12843406200408936,0.2977398931980133,0.293142706155777,0.11033175885677338,0.16180580854415894,0.1369798332452774,0.29878564178943634,0.125
2021-11-04,VN:GEX,0.5355822287957221,0,4.0,0.1317914147941979,0.2965929850428251,0.2920134707095246,0.10990674957494065,0.16503462441317177,0.13645217025953785,0.3014867946727096,0.125
2021-11-04,VN:PC1,-0.05817174515235468,0,0.0,0.1317914147941979,0.2965929850428251,0.2920134707095246,0.10990674957494065,0.16503462441317177,0.13645217025953785,0.3014867946727096,0.125
2021-11-04,VN:FTS,-0.03547694863630069,0,0.0,0.13151781652920885,0.2966864495481983,0.29210550463514046,0.10994138151232545,0.16477148725901505,0.13649517704532077,0.3012666643043358,0.125
2021-11-16,VN:DGC,0.03948535936113595,0,2.0,0.1317914147941979,0.2965929850428251,0.2920134707095246,0.10990674957494065,0.16503462441317177,0.13645217025953785,0.3014867946727096,0.125
2021-11-16,VN:PC1,0.01464713715046595,0,1.0,0.1317914147941979,0.2965929850428251,0.2920134707095246,0.10990674957494065,0.16503462441317177,0.13645217025953785,0.3014867946727096,0.125
2021-11-16,VN:DGW,0.019919440492174534,0,1.0,0.13151781652920885,0.2966864495481983,0.29210550463514046,0.10994138151232545,0.16477148725901505,0.13649517704532077,0.3012666643043358,0.125
2021-11-26,VN:DBC,0.01953125,0,1.0,0.1317914147941979,0.2965929850428251,0.2920134707095246,0.10990674957494065,0.16503462441317177,0.13645217025953785,0.3014867946727096,0.125
2021-11-26,VN:DGC,0.08086502324988842,0,3.0,0.1317914147941979,0.2965929850428251,0.2920134707095246,0.10990674957494065,0.16503462441317177,0.13645217025953785,0.3014867946727096,0.125
2021-11-26,VN:FTS,-0.14865606143719134,0,0.0,0.13151781652920885,0.2966864495481983,0.29210550463514046,0.10994138151232545,0.16477148725901505,0.13649517704532077,0.3012666643043358,0.125
2021-12-08,VN:SJS,-0.039215686274509776,0,0.0,0.1317914147941979,0.2965929850428251,0.2920134707095246,0.10990674957494065,0.16503462441317177,0.13645217025953785,0.3014867946727096,0.125
2021-12-08,VN:DGC,-0.05383993039124402,0,0.0,0.13161843818994703,0.29620366847211616,0.2916301743443284,0.11107510162778048,0.16481798641654868,0.13627306913922624,0.3010910555557749,0.125
2021-12-08,VN:EVF,-0.09661835748792269,0,0.0,0.13151781652920885,0.2966864495481983,0.29210550463514046,0.10994138151232545,0.16477148725901505,0.13649517704532077,0.3012666643043358,0.125
2021-12-20,VN:POW,0.054823544991061235,0,2.0,0.1317914147941979,0.2965929850428251,0.2920134707095246,0.10990674957494065,0.16503462441317177,0.13645217025953785,0.3014867946727096,0.125
2021-12-20,VN:TPB,0.055276381909547645,0,2.0,0.1317914147941979,0.2965929850428251,0.2920134707095246,0.10990674957494065,0.16503462441317177,0.13645217025953785,0.3014867946727096,0.125
2021-12-20,VN:DCM,-0.02645502645502662,0,0.0,0.12816475427273477,0.29783189518624464,0.29323327759827134,0.11036584608529393,0.1615468275662275,0.13702215356396252,0.29856898113019004,0.125
2021-12-30,VN:CTS,-0.16286644951140072,0,0.0,0.13151781652920885,0.2966864495481983,0.29210550463514046,0.10994138151232545,0.16477148725901505,0.13649517704532077,0.3012666643043358,0.125
2021-12-30,VN:HDG,-0.14284485724114204,0,0.0,0.12773497307498027,0.29797872678951376,0.29337781449125844,0.11042024857982807,0.1611335116540379,0.1370896984853618,0.2982232101393997,0.125
2021-12-30,VN:VND,-0.24637681159420288,0,0.0,0.12773497307498027,0.29797872678951376,0.29337781449125844,0.11042024857982807,0.1611335116540379,0.1370896984853618,0.2982232101393997,0.125
2022-01-12,VN:SJS,-0.029761904761904767,0,0.0,0.1317914147941979,0.2965929850428251,0.2920134707095246,0.10990674957494065,0.16503462441317177,0.13645217025953785,0.3014867946727096,0.125
2022-01-12,VN:TPB,-0.024418604651162745,0,0.0,0.1317914147941979,0.2965929850428251,0.2920134707095246,0.10990674957494065,0.16503462441317177,0.13645217025953785,0.3014867946727096,0.125
2022-01-12,VN:EVF,-0.17847769028871385,0,0.0,0.12816475427273477,0.29783189518624464,0.29323327759827134,0.11036584608529393,0.1615468275662275,0.13702215356396252,0.29856898113019004,0.125
2022-01-24,VN:NKG,0.30148270181219106,0,4.0,0.12030783295631409,0.3024539053440094,0.2953985631465912,0.091184601187706,0.1812138855457306,0.12974904477596283,0.3109629303216934,0.125
2022-01-24,VN:SZC,0.06666666666666687,1,3.0,0.10221989833637699,0.2884594309501138,0.3195926070061552,0.10689274619865217,0.15234500737283407,0.13271020847224477,0.28505521584507887,0.125
2022-01-24,VN:HSG,0.21298495645289006,0,4.0,0.09308943291141739,0.31181207763868685,0.304538433321393,0.09400592884430184,0.15587997668802703,0.13376358350759124,0.28964356019561827,0.125
2022-02-10,VN:BCM,-0.022279975447623834,0,0.0,0.12674583683529253,0.2983166321861242,0.2937105043785349,0.11054547295787145,0.16018222511086203,0.13724516536660739,0.2974273904774694,0.125
2022-02-10,VN:FRT,0.2608247422680412,0,4.0,0.1227863458421754,0.2996692426428775,0.2950422531748322,0.11104669670119949,0.15637435368540184,0.13786745379568904,0.29424180748109086,0.125
2022-02-10,VN:SZC,0.03333333333333344,0,2.0,0.1227863458421754,0.2996692426428775,0.2950422531748322,0.11104669670119949,0.15637435368540184,0.13786745379568904,0.29424180748109086,0.125
2022-02-22,VN:BCM,-0.101596404215747,0,0.0,0.12717070891326565,0.2993166379783309,0.2946950727396815,0.10756387321135685,0.1607191824752275,0.13770523359540326,0.29842441607063075,0.125
2022-02-22,VN:FRT,0.1051724137931036,0,3.0,0.1227863458421754,0.2996692426428775,0.2950422531748322,0.11104669670119949,0.15637435368540184,0.13786745379568904,0.29424180748109086,0.125
2022-02-22,VN:DXG,0.03350515463917514,1,2.0,0.11575843825036433,0.291949640659602,0.3071920688149359,0.10818609253265309,0.15835624033049644,0.1343159576623126,0.2926721979928091,0.125
2022-03-04,VN:VHC,0.06483790523690769,0,3.0,0.12674583683529253,0.2983166321861242,0.2937105043785349,0.11054547295787145,0.16018222511086203,0.13724516536660739,0.2974273904774694,0.125
2022-03-04,VN:DXG,0.027272727272727337,0,1.0,0.1227863458421754,0.2996692426428775,0.2950422531748322,0.11104669670119949,0.15637435368540184,0.13786745379568904,0.29424180748109086,0.125
2022-03-04,VN:FRT,0.09999999999999987,0,3.0,0.1227863458421754,0.2996692426428775,0.2950422531748322,0.11104669670119949,0.15637435368540184,0.13786745379568904,0.29424180748109086,0.125
2022-03-16,VN:DPM,0.09350237717908083,0,3.0,0.1227863458421754,0.2996692426428775,0.2950422531748322,0.11104669670119949,0.15637435368540184,0.13786745379568904,0.29424180748109086,0.125
2022-03-16,VN:FRT,0.11583577712609983,0,3.0,0.1227863458421754,0.2996692426428775,0.2950422531748322,0.11104669670119949,0.15637435368540184,0.13786745379568904,0.29424180748109086,0.125
2022-03-16,VN:VHC,0.13668224299065423,0,4.0,0.1227863458421754,0.2996692426428775,0.2950422531748322,0.11104669670119949,0.15637435368540184,0.13786745379568904,0.29424180748109086,0.125
2022-03-28,VN:DGC,0.05236847849814463,0,2.0,0.1227863458421754,0.2996692426428775,0.2950422531748322,0.11104669670119949,0.15637435368540184,0.13786745379568904,0.29424180748109086,0.125
2022-03-28,VN:DPM,-0.023004059539918797,0,0.0,0.1227863458421754,0.2996692426428775,0.2950422531748322,0.11104669670119949,0.15637435368540184,0.13786745379568904,0.29424180748109086,0.125
2022-03-28,VN:FRT,0.06990291262135928,0,3.0,0.1227863458421754,0.2996692426428775,0.2950422531748322,0.11104669670119949,0.15637435368540184,0.13786745379568904,0.29424180748109086,0.125
2022-04-07,VN:DGC,0.0,0,1.0,0.1227863458421754,0.2996692426428775,0.2950422531748322,0.11104669670119949,0.15637435368540184,0.13786745379568904,0.29424180748109086,0.125
2022-04-07,VN:FRT,-0.046052631578947345,0,0.0,0.1227863458421754,0.2996692426428775,0.2950422531748322,0.11104669670119949,0.15637435368540184,0.13786745379568904,0.29424180748109086,0.125
2022-04-07,VN:VHC,-0.006681514476614803,0,1.0,0.1227863458421754,0.2996692426428775,0.2950422531748322,0.11104669670119949,0.15637435368540184,0.13786745379568904,0.29424180748109086,0.125
2022-04-20,VN:ANV,-0.00717948717948691,0,1.0,0.12773497307498027,0.29797872678951376,0.29337781449125844,0.11042024857982807,0.1611335116540379,0.1370896984853618,0.2982232101393997,0.125
2022-04-20,VN:DGC,-0.12757965815572903,0,0.0,0.1227863458421754,0.2996692426428775,0.2950422531748322,0.11104669670119949,0.15637435368540184,0.13786745379568904,0.29424180748109086,0.125
2022-04-20,VN:FRT,-0.2682926829268293,0,0.0,0.1227863458421754,0.2996692426428775,0.2950422531748322,0.11104669670119949,0.15637435368540184,0.13786745379568904,0.29424180748109086,0.125
2022-05-04,VN:CII,-0.07555555555555549,0,0.0,0.12559876313800966,0.3006347827849829,0.2936218788333937,0.09063617477700765,0.1861385027370789,0.12896866086753683,0.31510716360461577,0.125
2022-05-04,VN:DGC,-0.11027458875942442,0,0.0,0.1227863458421754,0.2996692426428775,0.2950422531748322,0.11104669670119949,0.15637435368540184,0.13786745379568904,0.29424180748109086,0.125
2022-05-04,VN:FRT,-0.3119847812301837,0,0.0,0.1227863458421754,0.2996692426428775,0.2950422531748322,0.11104669670119949,0.15637435368540184,0.13786745379568904,0.29424180748109086,0.125
2022-05-16,VN:HDG,0.3324902048306304,0,4.0,0.3501074813322348,0.2771533172898489,0.27068818018865853,0.08355692153508844,0.17159992712139974,0.1970016538650044,0.36860158098640416,0.125
2022-05-16,VN:CTD,0.2792594148117038,0,4.0,0.3493981536432963,0.2765918394669282,0.2701397856335326,0.08541356835822439,0.17125226684847672,0.19660253969283803,0.36785480654131475,0.125
2022-05-16,VN:VCI,0.2641162846418017,0,4.0,0.3493981536432963,0.2765918394669282,0.2701397856335326,0.08541356835822439,0.17125226684847672,0.19660253969283803,0.36785480654131475,0.125
2022-05-26,VN:CII,-0.15261958997722103,0,0.0,0.12559876313800966,0.3006347827849829,0.2936218788333937,0.09063617477700765,0.1861385027370789,0.12896866086753683,0.31510716360461577,0.125
2022-05-26,VN:SSI,-0.11884025397538911,0,0.0,0.12559876313800966,0.3006347827849829,0.2936218788333937,0.09063617477700765,0.1861385027370789,0.12896866086753683,0.31510716360461577,0.125
2022-05-26,VN:CTD,0.08501987159889945,0,3.0,0.12532281502119258,0.2999742239721351,0.292976728291013,0.09263422809141195,0.18572952789874292,0.12868529174669707,0.31441481964544,0.125
2022-06-07,VN:DGC,-0.0408365874644252,0,0.0,0.13151781652920885,0.2966864495481983,0.29210550463514046,0.10994138151232545,0.16477148725901505,0.13649517704532077,0.3012666643043358,0.125
2022-06-07,VN:CTD,-0.06498923206935092,0,0.0,0.12532281502119258,0.2999742239721351,0.292976728291013,0.09263422809141195,0.18572952789874292,0.12868529174669707,0.31441481964544,0.125
2022-06-07,VN:DXG,-0.06697459584295606,0,0.0,0.12532281502119258,0.2999742239721351,0.292976728291013,0.09263422809141195,0.18572952789874292,0.12868529174669707,0.31441481964544,0.125
2022-06-17,VN:MSB,0.07788161993769482,0,3.0,0.3403340701733971,0.2931904174894808,0.2663650194826348,0.09053934298053873,0.1415043313689207,0.20840088867842488,0.3499052200473456,0.125
2022-06-17,VN:HCM,0.2950572982984143,0,4.0,0.3304069141982956,0.28466563992700517,0.27802523556314057,0.087906821252304,0.14706086893288986,0.2023414343246604,0.3494023032575503,0.125
2022-06-17,VN:HSG,0.08512919481076442,0,3.0,0.3304069141982956,0.28466563992700517,0.27802523556314057,0.087906821252304,0.14706086893288986,0.2023414343246604,0.3494023032575503,0.125
2022-06-29,VN:SSI,0.06834886716678046,0,3.0,0.13478068304460655,0.3055257637897108,0.2983987771809739,0.09434858217507544,0.15783739756895762,0.14388947928528223,0.3017268768542398,0.125
2022-06-29,VN:VCG,0.07567448869995741,0,3.0,0.13478068304460655,0.3055257637897108,0.2983987771809739,0.09434858217507544,0.15783739756895762,0.14388947928528223,0.3017268768542398,0.125
2022-06-29,VN:NLG,0.021419009370816644,0,1.0,0.12559876313800966,0.3006347827849829,0.2936218788333937,0.09063617477700765,0.1861385027370789,0.12896866086753683,0.31510716360461577,0.125
2022-07-11,VN:DXG,0.1435406698564592,0,4.0,0.12559876313800966,0.3006347827849829,0.2936218788333937,0.09063617477700765,0.1861385027370789,0.12896866086753683,0.31510716360461577,0.125
2022-07-11,VN:NLG,0.05524861878453047,0,2.0,0.12559876313800966,0.3006347827849829,0.2936218788333937,0.09063617477700765,0.1861385027370789,0.12896866086753683,0.31510716360461577,0.125
2022-07-11,VN:HDC,0.19422572178477693,0,4.0,0.12532281502119258,0.2999742239721351,0.292976728291013,0.09263422809141195,0.18572952789874292,0.12868529174669707,0.31441481964544,0.125
2022-07-21,VN:DIG,0.11950549450549453,0,3.0,0.12030783295631409,0.3024539053440094,0.2953985631465912,0.091184601187706,0.1812138855457306,0.12974904477596283,0.3109629303216934,0.125
2022-07-21,VN:CTR,0.054628224582701224,0,2.0,0.10160096141101363,0.31903592227452876,0.2898457689560319,0.09928360729342114,0.15497216813224804,0.1368625333437701,0.29183470147601814,0.125
2022-07-21,VN:CTS,0.20994475138121538,0,4.0,0.09756375703865652,0.30949431196608673,0.3022747292775701,0.09557409442105749,0.15988757968116432,0.13276928465412133,0.29265686433528565,0.125
2022-08-02,VN:DXS,0.05714285714285716,0,2.0,0.09756375703865652,0.30949431196608673,0.3022747292775701,0.09557409442105749,0.15988757968116432,0.13276928465412133,0.29265686433528565,0.125
2022-08-02,VN:NKG,0.12661498708010366,0,4.0,0.09756375703865652,0.30949431196608673,0.3022747292775701,0.09557409442105749,0.15988757968116432,0.13276928465412133,0.29265686433528565,0.125
2022-08-02,VN:FRT,0.17146776406035658,0,4.0,0.08321550985528503,0.3054146973665149,0.2982902735981264,0.0950446920083555,0.18298783353007336,0.1182625034969299,0.30125033702700327,0.125
2022-08-12,VN:VGC,0.018099547511312153,0,1.0,0.1227863458421754,0.2996692426428775,0.2950422531748322,0.11104669670119949,0.15637435368540184,0.13786745379568904,0.29424180748109086,0.125
2022-08-12,VN:DGC,0.09278669502997494,1,3.0,-0.018563174126219203,0.30932328796364267,0.3158601593045926,0.10170005489215378,0.18532965001455656,0.0877868478250544,0.27311649783961095,0.125
2022-08-12,VN:FRT,0.05200945626477549,1,2.0,-0.018563174126219203,0.30932328796364267,0.3158601593045926,0.10170005489215378,0.18532965001455656,0.0877868478250544,0.27311649783961095,0.125
2022-08-24,VN:VGC,-0.12857142857142856,0,0.0,0.1227863458421754,0.2996692426428775,0.2950422531748322,0.11104669670119949,0.15637435368540184,0.13786745379568904,0.29424180748109086,0.125
2022-08-24,VN:BCM,0.022468046761992877,1,1.0,0.10058276729966584,0.28898544195985204,0.320175391442157,0.10708766829549031,0.1507992949634528,0.13295220333904786,0.2837514983025007,0.125
2022-08-24,VN:TLG,0.19096682053505387,1,4.0,0.027740732868788157,0.29726053391622503,0.32499234098912555,0.11015411876716162,0.15764079085144367,0.1099522154760441,0.2675930063274878,0.125
2022-09-07,VN:DGC,-0.008478290816645861,0,1.0,0.08277100201292334,0.3037832930120335,0.2966969267026048,0.09987860769214321,0.18201037970169812,0.11763079289152037,0.2996411725932185,0.125
2022-09-07,VN:TLG,-0.016670747178882284,1,1.0,0.03961160033941269,0.29363110661506653,0.3210243284702301,0.10880918055772781,0.1679256409406662,0.10860974341630936,0.27653538435697556,0.125
2022-09-07,VN:BCM,0.07735987226737406,1,3.0,-0.016104504466056824,0.30061566829681396,0.3330608904361725,0.11139741539955139,0.15686823427677155,0.09805779159069061,0.25492602586746216,0.125
2022-09-19,VN:BCM,-0.0729662606960425,0,0.0,0.1227863458421754,0.2996692426428775,0.2950422531748322,0.11104669670119949,0.15637435368540184,0.13786745379568904,0.29424180748109086,0.125
2022-09-19,VN:ANV,-0.19094922737306852,0,0.0,0.05426254585506157,0.3132251933770153,0.3059185881806156,0.10298294036924405,0.15658640044849512,0.12128687762462986,0.277873278073125,0.125
2022-09-19,VN:TLG,-0.15688511232685365,1,0.0,0.03961160033941269,0.29363110661506653,0.3210243284702301,0.10880918055772781,0.1679256409406662,0.10860974341630936,0.27653538435697556,0.125
2022-09-29,VN:DGC,0.1446255449281022,0,4.0,0.12559876313800966,0.3006347827849829,0.2936218788333937,0.09063617477700765,0.1861385027370789,0.12896866086753683,0.31510716360461577,0.125
2022-09-29,VN:ANV,-0.0756192959582791,0,0.0,0.0547305659869482,0.315926680443486,0.3085570427345348,0.0952464072479727,0.15793692046215893,0.12233294911184756,0.28026986957400646,0.125
2022-09-29,VN:EIB,0.006802721088435382,1,1.0,0.021641596668028895,0.292363607309082,0.33656518899131144,0.10506520185473855,0.15786510353091873,0.1081408983139493,0.266006001844868,0.125
2022-10-11,VN:NLG,-0.012738853503184822,0,1.0,0.3493981536432963,0.2765918394669282,0.2701397856335326,0.08541356835822439,0.17125226684847672,0.19660253969283803,0.36785480654131475,0.125
2022-10-11,VN:TCB,-0.04791066282420753,0,0.0,0.3348084589065382,0.29652429068869784,0.2666476706660937,0.08941553666316772,0.13879046050891966,0.20862204147312108,0.34741250198204077,0.125
2022-10-11,VN:KDH,-0.05737704918032793,0,0.0,0.33440053961277816,0.2961629971290081,0.2663227955449044,0.09052498773522656,0.13862136212917212,0.2083678574616888,0.34698921959086093,0.125
2022-10-21,VN:KDH,-0.14884696016771493,0,0.0,0.3403340701733971,0.2931904174894808,0.2663650194826348,0.09053934298053873,0.1415043313689207,0.20840088867842488,0.3499052200473456,0.125
2022-10-21,VN:TCB,0.054554034922132955,0,2.0,0.3348084589065382,0.29652429068869784,0.2666476706660937,0.08941553666316772,0.13879046050891966,0.20862204147312108,0.34741250198204077,0.125
2022-10-21,VN:DXS,-0.3563829787234043,0,0.0,0.3304069141982956,0.28466563992700517,0.27802523556314057,0.087906821252304,0.14706086893288986,0.2023414343246604,0.3494023032575503,0.125
2022-11-02,VN:KBC,-0.08379888268156421,0,0.0,0.3493981536432963,0.2765918394669282,0.2701397856335326,0.08541356835822439,0.17125226684847672,0.19660253969283803,0.36785480654131475,0.125
2022-11-02,VN:HPG,-0.016301489921121792,0,1.0,0.3426760456459207,0.2921495328787888,0.2654193540878835,0.09021790734611797,0.14455218074648898,0.20766102494072075,0.3522132056872097,0.125
2022-11-02,VN:KDH,-0.03913043478260858,0,0.0,0.3426760456459207,0.2921495328787888,0.2654193540878835,0.09021790734611797,0.14455218074648898,0.20766102494072075,0.3522132056872097,0.125
2022-11-14,VN:ANV,0.2658959537572254,0,4.0,0.3493981536432963,0.2765918394669282,0.2701397856335326,0.08541356835822439,0.17125226684847672,0.19660253969283803,0.36785480654131475,0.125
2022-11-14,VN:CTD,0.2938976048238513,0,4.0,0.3493981536432963,0.2765918394669282,0.2701397856335326,0.08541356835822439,0.17125226684847672,0.19660253969283803,0.36785480654131475,0.125
2022-11-14,VN:CTR,0.2962962962962963,0,4.0,0.3493981536432963,0.2765918394669282,0.2701397856335326,0.08541356835822439,0.17125226684847672,0.19660253969283803,0.36785480654131475,0.125
2022-11-24,VN:CTD,0.3534527653369439,0,4.0,0.3493981536432963,0.2765918394669282,0.2701397856335326,0.08541356835822439,0.17125226684847672,0.19660253969283803,0.36785480654131475,0.125
2022-11-24,VN:DIG,0.460905349794239,0,4.0,0.3493981536432963,0.2765918394669282,0.2701397856335326,0.08541356835822439,0.17125226684847672,0.19660253969283803,0.36785480654131475,0.125
2022-11-24,VN:PDR,0.11913357400722036,0,3.0,0.3426760456459207,0.2921495328787888,0.2654193540878835,0.09021790734611797,0.14455218074648898,0.20766102494072075,0.3522132056872097,0.125
2022-12-06,VN:PDR,-0.17419354838709677,0,0.0,0.3493981536432963,0.2765918394669282,0.2701397856335326,0.08541356835822439,0.17125226684847672,0.19660253969283803,0.36785480654131475,0.125
2022-12-06,VN:CTD,0.0074613448399856175,0,1.0,0.12532281502119258,0.2999742239721351,0.292976728291013,0.09263422809141195,0.18572952789874292,0.12868529174669707,0.31441481964544,0.125
2022-12-06,VN:CTR,0.03379721669980129,0,2.0,0.12532281502119258,0.2999742239721351,0.292976728291013,0.09263422809141195,0.18572952789874292,0.12868529174669707,0.31441481964544,0.125
2022-12-16,VN:PDR,0.034482758620689724,0,2.0,0.3493981536432963,0.2765918394669282,0.2701397856335326,0.08541356835822439,0.17125226684847672,0.19660253969283803,0.36785480654131475,0.125
2022-12-16,VN:DGW,-0.10688389027739209,0,0.0,0.12532281502119258,0.2999742239721351,0.292976728291013,0.09263422809141195,0.18572952789874292,0.12868529174669707,0.31441481964544,0.125
2022-12-16,VN:SIP,-0.004178272980501441,0,1.0,0.12532281502119258,0.2999742239721351,0.292976728291013,0.09263422809141195,0.18572952789874292,0.12868529174669707,0.31441481964544,0.125
2022-12-28,VN:PDR,0.01858736059479571,0,1.0,0.3493981536432963,0.2765918394669282,0.2701397856335326,0.08541356835822439,0.17125226684847672,0.19660253969283803,0.36785480654131475,0.125
2022-12-28,VN:DGW,0.009079772285075949,0,1.0,0.12532281502119258,0.2999742239721351,0.292976728291013,0.09263422809141195,0.18572952789874292,0.12868529174669707,0.31441481964544,0.125
2022-12-28,VN:SJS,0.03076923076923066,0,1.0,0.10426297395441778,0.3183609724655385,0.28923257107911365,0.09831218800275818,0.1575212866991279,0.13657298175346175,0.2940942684525897,0.125
2023-01-10,VN:PDR,-0.0350877192982455,0,0.0,0.3493981536432963,0.2765918394669282,0.2701397856335326,0.08541356835822439,0.17125226684847672,0.19660253969283803,0.36785480654131475,0.125
2023-01-10,VN:DGW,0.018855430085041203,0,1.0,0.09756375703865652,0.30949431196608673,0.3022747292775701,0.09557409442105749,0.15988757968116432,0.13276928465412133,0.29265686433528565,0.125
2023-01-10,VN:SIP,0.23152443143436163,0,4.0,0.09756375703865652,0.30949431196608673,0.3022747292775701,0.09557409442105749,0.15988757968116432,0.13276928465412133,0.29265686433528565,0.125
2023-01-27,VN:PDR,-0.22627737226277367,0,0.0,0.3304069141982956,0.28466563992700517,0.27802523556314057,0.087906821252304,0.14706086893288986,0.2023414343246604,0.3494023032575503,0.125
2023-01-27,VN:DIG,-0.1795665634674921,0,0.0,0.055004397183787745,0.311933288333812,0.3046568424897445,0.10571702884784427,0.15690620711166284,0.12078663321693639,0.2776928403285992,0.125
2023-01-27,VN:PNJ,-0.126590308974315,1,0.0,0.019728064096091735,0.2919583255359905,0.3360986336447604,0.1081893196361664,0.1557627285473929,0.10799099263568984,0.2637537211830827,0.125
2023-02-08,VN:PDR,-0.14574898785425083,0,0.0,0.3304069141982956,0.28466563992700517,0.27802523556314057,0.087906821252304,0.14706086893288986,0.2023414343246604,0.3494023032575503,0.125
2023-02-08,VN:DGW,-0.04435363301106354,0,0.0,0.09756375703865652,0.30949431196608673,0.3022747292775701,0.09557409442105749,0.15988757968116432,0.13276928465412133,0.29265686433528565,0.125
2023-02-08,VN:EIB,-0.06097608472173399,0,0.0,0.09666321739569819,0.3066375714553488,0.29948462697187245,0.10392225814213195,0.15841176397747855,0.13154377945316822,0.2899555434306468,0.125
2023-02-20,VN:PDR,0.012820512820512775,0,1.0,0.3275997169822602,0.2822470815797927,0.27566309325664007,0.09565609939699847,0.1458114160546667,0.2006223097119021,0.3464337257665688,0.125
2023-02-20,VN:BID,0.016949152542372836,1,1.0,-0.005769230683262544,0.30178774752264087,0.32408012408376297,0.11295376477928898,0.16273825598083091,0.0984401076334763,0.26117836361430724,0.125
2023-02-20,VN:LPB,-0.02328235562656933,1,0.0,-0.019721931974517895,0.3042478150037,0.3225186645046374,0.11240954278373931,0.1683433589211345,0.09248061878678877,0.26082397770792326,0.125
2023-03-02,VN:BID,-0.022629310344827624,1,0.0,-0.025305831073485233,0.2997686698929371,0.3321224599535373,0.11219805235556002,0.16360419229883816,0.09230662549912745,0.2559108177979656,0.125
2023-03-02,VN:NT2,-0.07467532467532478,1,0.0,-0.03522205457753105,0.30676750262878844,0.329802016311944,0.11030744344912301,0.16146132831160212,0.09166170929854242,0.25312303761014454,0.125
2023-03-02,VN:PDR,0.12380952380952359,0,4.0,-0.038613325696786466,0.32092486855611596,0.3134386744070448,0.10876435462342636,0.16579271358869332,0.09107938882471953,0.25687210241341285,0.125
2023-03-14,VN:DIG,0.17272727272727284,0,4.0,0.09666321739569819,0.3066375714553488,0.29948462697187245,0.10392225814213195,0.15841176397747855,0.13154377945316822,0.2899555434306468,0.125
2023-03-14,VN:PDR,0.05084745762711873,0,2.0,0.048267109384122875,0.31304546024480984,0.30574305706683336,0.10609394661732217,0.15558425502537732,0.11953328104565736,0.2751175360710347,0.125
2023-03-14,VN:MSN,-0.05263157894736836,0,0.0,-0.005544930572548609,0.31192653674051457,0.30465021048523017,0.10176781337482155,0.19312980339386007,0.08852563600557366,0.2816554393994337,0.125
2023-03-24,VN:DIG,0.3725490196078429,0,4.0,0.09288111329078674,0.3079214096069336,0.30073851346969604,0.10435736179351807,0.15488818287849426,0.13209453225135803,0.2869827151298523,0.125
2023-03-24,VN:MSN,-0.0012820512820511665,0,1.0,-0.005544930572548609,0.31192653674051457,0.30465021048523017,0.10176781337482155,0.19312980339386007,0.08852563600557366,0.2816554393994337,0.125
2023-03-24,VN:DGW,0.03323288129917956,0,1.0,-0.01768458581910773,0.3199973905087295,0.312532832845067,0.10440098183152134,0.1653135816659456,0.09775521314873656,0.26306879481468215,0.125
2023-04-05,VN:BSI,0.1423076923076927,1,4.0,0.014431647956371307,0.29975953698158264,0.3219020664691925,0.11219463497400284,0.16164453327655792,0.10449922829866409,0.266143761575222,0.125
2023-04-05,VN:MSN,-0.025510204081632626,0,0.0,-0.005544930572548609,0.31192653674051457,0.30465021048523017,0.10176781337482155,0.19312980339386007,0.08852563600557366,0.2816554393994337,0.125
2023-04-05,VN:CTS,0.00867052023121384,1,1.0,-0.024260208914436768,0.30560187643773395,0.3239540280384581,0.11290982041172014,0.16464207189686864,0.0928922032152192,0.2575342751120878,0.125
2023-04-17,VN:BSI,0.09814814814814832,1,3.0,-0.005769230683262544,0.30178774752264087,0.32408012408376297,0.11295376477928898,0.16273825598083091,0.0984401076334763,0.26117836361430724,0.125
2023-04-17,VN:DGW,0.007637798616709768,0,1.0,-0.03856314146055918,0.3205079877603645,0.31303150861106105,0.10992206379422831,0.16557735944885132,0.09096108038549484,0.25653843983434615,0.125
2023-04-17,VN:MSN,-0.05121638924455829,0,0.0,-0.03877077910071362,0.3222334014870211,0.3147166599024089,0.10513048384046964,0.1664687059863946,0.09145074878370578,0.25791945477010036,0.125
2023-04-27,VN:CTD,0.07925431671165906,0,3.0,0.1272019455373432,0.29778260214464813,0.29318472961474007,0.11145470374416339,0.16057849049999184,0.1369994739964565,0.29757796449644836,0.125
2023-04-27,VN:BSI,-0.006968641114982521,1,1.0,0.11481660775567007,0.2919022782430392,0.3071422324648832,0.10925379558285767,0.1574075394482544,0.1342941542609655,0.2917016937092199,0.125
2023-04-27,VN:MSN,0.012448132780083165,0,1.0,0.09756375703865652,0.30949431196608673,0.3022747292775701,0.09557409442105749,0.15988757968116432,0.13276928465412133,0.29265686433528565,0.125
2023-05-12,VN:CTD,0.013933372296902391,0,1.0,0.1227863458421754,0.2996692426428775,0.2950422531748322,0.11104669670119949,0.15637435368540184,0.13786745379568904,0.29424180748109086,0.125
2023-05-12,VN:BSI,0.1144781144781144,1,3.0,0.11041187993261481,0.29371490418058105,0.3090495100084802,0.10884023214488703,0.15326726094035967,0.1351280927256921,0.28839535366605173,0.125
2023-05-12,VN:BMP,0.0249810882606476,1,1.0,0.03961160033941269,0.29363110661506653,0.3210243284702301,0.10880918055772781,0.1679256409406662,0.10860974341630936,0.27653538435697556,0.125
2023-05-24,VN:CTD,0.02624280420444225,0,1.0,0.1227863458421754,0.2996692426428775,0.2950422531748322,0.11104669670119949,0.15637435368540184,0.13786745379568904,0.29424180748109086,0.125
2023-05-24,VN:FTS,-0.018722995679308796,1,0.0,0.11238675974646922,0.2930628570001466,0.3083633986603201,0.10859860156182642,0.1551470561281724,0.1348280866495345,0.28997514277770686,0.125
2023-05-24,VN:BSI,0.06209150326797386,1,3.0,0.11041187993261481,0.29371490418058105,0.3090495100084802,0.10884023214488703,0.15326726094035967,0.1351280927256921,0.28839535366605173,0.125
2023-06-05,VN:VIX,0.1634856070087609,0,4.0,0.1326962510982063,0.2959080526266972,0.2913391183562905,0.1107530925142358,0.16586267330264026,0.13613706320013616,0.30199973650277645,0.125
2023-06-05,VN:BSI,0.0644171779141105,0,3.0,0.1227863458421754,0.2996692426428775,0.2950422531748322,0.11104669670119949,0.15637435368540184,0.13786745379568904,0.29424180748109086,0.125
2023-06-05,VN:CTD,0.04477124944647737,0,2.0,0.1227863458421754,0.2996692426428775,0.2950422531748322,0.11104669670119949,0.15637435368540184,0.13786745379568904,0.29424180748109086,0.125
2023-06-15,VN:VIX,0.02826596367896883,0,1.0,0.12773497307498027,0.29797872678951376,0.29337781449125844,0.11042024857982807,0.1611335116540379,0.1370896984853618,0.2982232101393997,0.125
2023-06-15,VN:CTD,0.05742117990600892,0,3.0,0.1227863458421754,0.2996692426428775,0.2950422531748322,0.11104669670119949,0.15637435368540184,0.13786745379568904,0.29424180748109086,0.125
2023-06-15,VN:GEX,0.018411013435063905,1,1.0,0.11095400071923434,0.29006841562637375,0.31149509317059,0.10856742330962849,0.15641862037466003,0.13345044751874768,0.2898690678934077,0.125
2023-06-27,VN:CTS,0.038374717832957206,0,2.0,0.12773497307498027,0.29797872678951376,0.29337781449125844,0.11042024857982807,0.1611335116540379,0.1370896984853618,0.2982232101393997,0.125
2023-06-27,VN:SSI,0.06766266103713336,0,3.0,0.12773497307498027,0.29797872678951376,0.29337781449125844,0.11042024857982807,0.1611335116540379,0.1370896984853618,0.2982232101393997,0.125
2023-06-27,VN:GEX,0.015044738300736604,0,1.0,0.1272019455373432,0.29778260214464813,0.29318472961474007,0.11145470374416339,0.16057849049999184,0.1369994739964565,0.29757796449644836,0.125
2023-07-07,VN:VIX,0.23347533324172054,0,4.0,0.12816475427273477,0.29783189518624464,0.29323327759827134,0.11036584608529393,0.1615468275662275,0.13702215356396252,0.29856898113019004,0.125
2023-07-07,VN:VCI,0.053886334211348696,0,2.0,0.12773497307498027,0.29797872678951376,0.29337781449125844,0.11042024857982807,0.1611335116540379,0.1370896984853618,0.2982232101393997,0.125
2023-07-07,VN:DBC,0.028629856850715507,0,1.0,0.1272019455373432,0.29778260214464813,0.29318472961474007,0.11145470374416339,0.16057849049999184,0.1369994739964565,0.29757796449644836,0.125
2023-07-19,VN:VIX,0.2786045957852128,0,4.0,0.13151781652920885,0.2966864495481983,0.29210550463514046,0.10994138151232545,0.16477148725901505,0.13649517704532077,0.3012666643043358,0.125
2023-07-19,VN:DBC,0.03585657370517925,0,2.0,0.1272019455373432,0.29778260214464813,0.29318472961474007,0.11145470374416339,0.16057849049999184,0.1369994739964565,0.29757796449644836,0.125
2023-07-19,VN:GVR,0.009216589861751334,0,1.0,0.1272019455373432,0.29778260214464813,0.29318472961474007,0.11145470374416339,0.16057849049999184,0.1369994739964565,0.29757796449644836,0.125
2023-07-31,VN:TCH,0.20642201834862384,0,4.0,0.13612066614987445,0.29473970218717166,0.2901888278182992,0.11031580300080189,0.16915610936749306,0.1355995576262342,0.30475566699372725,0.125
2023-07-31,VN:DXS,0.034782608695652195,0,2.0,0.13225729566429115,0.29605781590852415,0.2914865569548822,0.11080914570675574,0.16544052711962867,0.13620595431020924,0.3016464814298379,0.125
2023-07-31,VN:SHB,0.023827740736692693,0,1.0,0.1317914147941979,0.2965929850428251,0.2920134707095246,0.10990674957494065,0.16503462441317177,0.13645217025953785,0.3014867946727096,0.125
2023-08-10,VN:TCH,0.09243697478991564,0,3.0,0.13612066614987445,0.29473970218717166,0.2901888278182992,0.11031580300080189,0.16915610936749306,0.1355995576262342,0.30475566699372725,0.125
2023-08-10,VN:SHB,-0.06571671629094011,0,0.0,0.13386655944983478,0.2958840937648984,0.29131551708830844,0.10964405209886872,0.167030299692443,0.13612603735548146,0.30315633704792444,0.125
2023-08-10,VN:LPB,0.09498389323515877,0,3.0,0.13151781652920885,0.2966864495481983,0.29210550463514046,0.10994138151232545,0.16477148725901505,0.13649517704532077,0.3012666643043358,0.125
2023-08-22,VN:EVF,0.11914893617021294,0,3.0,0.13386655944983478,0.2958840937648984,0.29131551708830844,0.10964405209886872,0.167030299692443,0.13612603735548146,0.30315633704792444,0.125
2023-08-22,VN:LPB,0.05536811142832421,0,2.0,0.13151781652920885,0.2966864495481983,0.29210550463514046,0.10994138151232545,0.16477148725901505,0.13649517704532077,0.3012666643043358,0.125
2023-08-22,VN:SSI,0.09117343588781535,0,3.0,0.13151781652920885,0.2966864495481983,0.29210550463514046,0.10994138151232545,0.16477148725901505,0.13649517704532077,0.3012666643043358,0.125
2023-09-05,VN:FTS,0.12501722949689875,0,4.0,0.13612066614987445,0.29473970218717166,0.2901888278182992,0.11031580300080189,0.16915610936749306,0.1355995576262342,0.30475566699372725,0.125
2023-09-05,VN:GEX,-0.04042783472337186,0,0.0,0.13612066614987445,0.29473970218717166,0.2901888278182992,0.11031580300080189,0.16915610936749306,0.1355995576262342,0.30475566699372725,0.125
2023-09-05,VN:CTS,0.08173913043478254,0,3.0,0.13151781652920885,0.2966864495481983,0.29210550463514046,0.10994138151232545,0.16477148725901505,0.13649517704532077,0.3012666643043358,0.125
2023-09-15,VN:HHV,-0.08477697449188382,0,0.0,0.13151781652920885,0.2966864495481983,0.29210550463514046,0.10994138151232545,0.16477148725901505,0.13649517704532077,0.3012666643043358,0.125
2023-09-15,VN:LPB,-0.1650927487352445,0,0.0,0.13151781652920885,0.2966864495481983,0.29210550463514046,0.10994138151232545,0.16477148725901505,0.13649517704532077,0.3012666643043358,0.125
2023-09-15,VN:DCM,-0.029629629629629672,0,0.0,0.13124695811411607,0.29640252281434903,0.29182595884281276,0.11093816491777196,0.16446879996266364,0.13636455346240262,0.30083335342506623,0.125
2023-09-27,VN:DGC,0.08406287787182576,0,3.0,0.1272019455373432,0.29778260214464813,0.29318472961474007,0.11145470374416339,0.16057849049999184,0.1369994739964565,0.29757796449644836,0.125
2023-09-27,VN:VTP,0.06806391986166593,0,3.0,0.1272019455373432,0.29778260214464813,0.29318472961474007,0.11145470374416339,0.16057849049999184,0.1369994739964565,0.29757796449644836,0.125
2023-09-27,VN:PVT,0.1113172541743972,1,3.0,0.10590188047436058,0.28727638293390895,0.31828191402134426,0.10645435591855115,0.1558214104798226,0.13216593664637302,0.2879873471261956,0.125
2023-10-09,VN:DGC,-0.07938338566942615,0,0.0,0.1227863458421754,0.2996692426428775,0.2950422531748322,0.11104669670119949,0.15637435368540184,0.13786745379568904,0.29424180748109086,0.125
2023-10-09,VN:FTS,-0.10808233330684247,0,0.0,0.1227863458421754,0.2996692426428775,0.2950422531748322,0.11104669670119949,0.15637435368540184,0.13786745379568904,0.29424180748109086,0.125
2023-10-09,VN:VTP,0.019222132399173475,1,1.0,0.11761307891626774,0.29323000152751805,0.3039907560347133,0.10975074931607767,0.15812351045196518,0.13490498266972575,0.29302849312169094,0.125
2023-10-19,VN:FRT,0.03191489361702127,1,1.0,0.11714699689824884,0.2937478081323533,0.3045275762002531,0.10885242955606536,0.15772898260162796,0.13514320350970024,0.2928721861113282,0.125
2023-10-19,VN:HT1,-0.016393442622950838,0,1.0,0.05968946351906945,0.3142693112999792,0.30693835706126,0.09474674824059191,0.16235439842241403,0.12169118497575487,0.2840455833981689,0.125
2023-10-19,VN:HDC,0.1473684210526316,0,4.0,0.059120928088385136,0.31127603450673663,0.30401490759782906,0.10336889609535503,0.16080803450310077,0.1205321272969785,0.28134016180007926,0.125
2023-10-31,VN:VHM,0.055128205128205154,0,2.0,0.1007841400977404,0.31959740041786583,0.29035589747926366,0.09869400632442549,0.15424929904004855,0.1371033967383965,0.291352695778445,0.125
2023-10-31,VN:VIC,0.11358024691358026,0,3.0,0.1007841400977404,0.31959740041786583,0.29035589747926366,0.09869400632442549,0.15424929904004855,0.1371033967383965,0.291352695778445,0.125
2023-10-31,VN:ANV,0.2642276422764227,0,4.0,0.09756375703865652,0.30949431196608673,0.3022747292775701,0.09557409442105749,0.15988757968116432,0.13276928465412133,0.29265686433528565,0.125
2023-11-10,VN:VHM,-0.03664302600472802,0,0.0,0.10426297395441778,0.3183609724655385,0.28923257107911365,0.09831218800275818,0.1575212866991279,0.13657298175346175,0.2940942684525897,0.125
2023-11-10,VN:VIC,-0.05672969966629593,0,0.0,0.1007841400977404,0.31959740041786583,0.29035589747926366,0.09869400632442549,0.15424929904004855,0.1371033967383965,0.291352695778445,0.125
2023-11-10,VN:GMD,-0.020327624720774318,1,0.0,0.041557832313840595,0.29303606471311855,0.3203737640269469,0.10858867738876708,0.16961185128653491,0.10838964258463256,0.27800149387116746,0.125
2023-11-22,VN:EVF,0.005988023952095967,0,1.0,0.1317914147941979,0.2965929850428251,0.2920134707095246,0.10990674957494065,0.16503462441317177,0.13645217025953785,0.3014867946727096,0.125
2023-11-22,VN:BSI,-0.013015184381778733,1,1.0,0.11575843825036433,0.291949640659602,0.3071920688149359,0.10818609253265309,0.15835624033049644,0.1343159576623126,0.2926721979928091,0.125
2023-11-22,VN:CTD,-0.025742676208618698,1,0.0,0.11041187993261481,0.29371490418058105,0.3090495100084802,0.10884023214488703,0.15326726094035967,0.1351280927256921,0.28839535366605173,0.125
2023-12-04,VN:HAG,0.024590163934426368,0,1.0,0.13151781652920885,0.2966864495481983,0.29210550463514046,0.10994138151232545,0.16477148725901505,0.13649517704532077,0.3012666643043358,0.125
2023-12-04,VN:EVF,-0.098314606741573,0,0.0,0.12674583683529253,0.2983166321861242,0.2937105043785349,0.11054547295787145,0.16018222511086203,0.13724516536660739,0.2974273904774694,0.125
2023-12-04,VN:BSI,-0.04870466321243527,1,0.0,0.10221989833637699,0.2884594309501138,0.3195926070061552,0.10689274619865217,0.15234500737283407,0.13271020847224477,0.28505521584507887,0.125
2023-12-14,VN:HAG,0.011152416356877248,0,1.0,0.1227863458421754,0.2996692426428775,0.2950422531748322,0.11104669670119949,0.15637435368540184,0.13786745379568904,0.29424180748109086,0.125
2023-12-14,VN:EVF,0.018987341772151778,1,1.0,0.0315221485317554,0.2961043825784468,0.32372836484493184,0.10972568801513642,0.16091699007589333,0.1095245744855916,0.27044156456148494,0.125
2023-12-14,VN:CII,0.02077151335311589,0,1.0,-0.02300658145566528,0.31972427128923747,0.3122660610755104,0.11050249220438278,0.15983540296064028,0.09767177247022904,0.2575071754308693,0.125
2023-12-26,VN:HAG,0.01098901098901095,0,1.0,0.1227863458421754,0.2996692426428775,0.2950422531748322,0.11104669670119949,0.15637435368540184,0.13786745379568904,0.29424180748109086,0.125
2023-12-26,VN:CTD,-0.027330953894294185,1,0.0,0.11041187993261481,0.29371490418058105,0.3090495100084802,0.10884023214488703,0.15326726094035967,0.1351280927256921,0.28839535366605173,0.125
2023-12-26,VN:EVF,0.052959501557632516,1,2.0,0.04052291659552916,0.2933524737748327,0.32071970698536534,0.10870592636220432,0.16871521738487416,0.10850667549272346,0.27722189287759763,0.125
2024-01-08,VN:HAG,0.11284046692607008,1,3.0,0.11434777506991387,0.29241539137122746,0.30768213822253565,0.10835867778802953,0.15701357115110648,0.1345302214671009,0.2915437926182074,0.125
2024-01-08,VN:CTD,-0.04149854973830469,1,0.0,0.11041187993261481,0.29371490418058105,0.3090495100084802,0.10884023214488703,0.15326726094035967,0.1351280927256921,0.28839535366605173,0.125
2024-01-08,VN:EVF,-0.11111111111111116,1,0.0,0.04052291659552916,0.2933524737748327,0.32071970698536534,0.10870592636220432,0.16871521738487416,0.10850667549272346,0.27722189287759763,0.125
2024-01-18,VN:BSI,0.01338432122370925,0,1.0,0.13151781652920885,0.2966864495481983,0.29210550463514046,0.10994138151232545,0.16477148725901505,0.13649517704532077,0.3012666643043358,0.125
2024-01-18,VN:HAG,-0.003731343283582156,1,1.0,0.11602612897656381,0.2918612550250718,0.30709906268495835,0.10815333172107743,0.15861106818128123,0.1342752823876112,0.29288635056889245,0.125
2024-01-18,VN:EVF,-0.07624633431085048,1,0.0,0.04052291659552916,0.2933524737748327,0.32071970698536534,0.10870592636220432,0.16871521738487416,0.10850667549272346,0.27722189287759763,0.125
2024-01-30,VN:HAG,-0.15719063545150502,0,0.0,0.1317914147941979,0.2965929850428251,0.2920134707095246,0.10990674957494065,0.16503462441317177,0.13645217025953785,0.3014867946727096,0.125
2024-01-30,VN:HCM,-0.014845423936333035,0,1.0,0.12843406200408936,0.2977398931980133,0.293142706155777,0.11033175885677338,0.16180580854415894,0.1369798332452774,0.29878564178943634,0.125
2024-01-30,VN:BSI,0.0038022813688212143,0,1.0,0.12444198316994284,0.29910365192746596,0.29448539457448414,0.1108371184891033,0.15796658632109442,0.13760724868785215,0.2955738350089466,0.125
2024-02-16,VN:GVR,0.11444652908067532,0,3.0,0.1317914147941979,0.2965929850428251,0.2920134707095246,0.10990674957494065,0.16503462441317177,0.13645217025953785,0.3014867946727096,0.125
2024-02-16,VN:SZC,0.04171632896305133,0,2.0,0.12674583683529253,0.2983166321861242,0.2937105043785349,0.11054547295787145,0.16018222511086203,0.13724516536660739,0.2974273904774694,0.125
2024-02-16,VN:HCM,0.0760636669727579,1,3.0,0.11602612897656381,0.2918612550250718,0.30709906268495835,0.10815333172107743,0.15861106818128123,0.1342752823876112,0.29288635056889245,0.125
2024-02-28,VN:FTS,0.20075469199960305,0,4.0,0.13151781652920885,0.2966864495481983,0.29210550463514046,0.10994138151232545,0.16477148725901505,0.13649517704532077,0.3012666643043358,0.125
2024-02-28,VN:GVR,0.19723183391003474,0,4.0,0.12674583683529253,0.2983166321861242,0.2937105043785349,0.11054547295787145,0.16018222511086203,0.13724516536660739,0.2974273904774694,0.125
2024-02-28,VN:SZC,0.042873696407879525,0,2.0,0.12674583683529253,0.2983166321861242,0.2937105043785349,0.11054547295787145,0.16018222511086203,0.13724516536660739,0.2974273904774694,0.125
2024-03-11,VN:CTS,0.014864864864864824,0,1.0,0.12773497307498027,0.29797872678951376,0.29337781449125844,0.11042024857982807,0.1611335116540379,0.1370896984853618,0.2982232101393997,0.125
2024-03-11,VN:GVR,0.1302876480541455,0,4.0,0.12674583683529253,0.2983166321861242,0.2937105043785349,0.11054547295787145,0.16018222511086203,0.13724516536660739,0.2974273904774694,0.125
2024-03-11,VN:FTS,0.018077524769685382,0,1.0,0.1227863458421754,0.2996692426428775,0.2950422531748322,0.11104669670119949,0.15637435368540184,0.13786745379568904,0.29424180748109086,0.125
2024-03-21,VN:GVR,-0.046616541353383445,0,0.0,0.12674583683529253,0.2983166321861242,0.2937105043785349,0.11054547295787145,0.16018222511086203,0.13724516536660739,0.2974273904774694,0.125
2024-03-21,VN:BSI,0.0016949152542373724,0,1.0,0.1227863458421754,0.2996692426428775,0.2950422531748322,0.11104669670119949,0.15637435368540184,0.13786745379568904,0.29424180748109086,0.125
2024-03-21,VN:CTS,-0.022757697456492587,0,0.0,0.1227863458421754,0.2996692426428775,0.2950422531748322,0.11104669670119949,0.15637435368540184,0.13786745379568904,0.29424180748109086,0.125
2024-04-02,VN:GVR,-0.20283687943262396,0,0.0,0.12674583683529253,0.2983166321861242,0.2937105043785349,0.11054547295787145,0.16018222511086203,0.13724516536660739,0.2974273904774694,0.125
2024-04-02,VN:BSI,-0.21574803149606292,0,0.0,0.1227863458421754,0.2996692426428775,0.2950422531748322,0.11104669670119949,0.15637435368540184,0.13786745379568904,0.29424180748109086,0.125
2024-04-02,VN:CTS,-0.11772151898734173,0,0.0,0.1227863458421754,0.2996692426428775,0.2950422531748322,0.11104669670119949,0.15637435368540184,0.13786745379568904,0.29424180748109086,0.125
2024-04-12,VN:CTS,-0.07901234567901239,0,0.0,0.12773497307498027,0.29797872678951376,0.29337781449125844,0.11042024857982807,0.1611335116540379,0.1370896984853618,0.2982232101393997,0.125
2024-04-12,VN:BSI,-0.13216560509554154,0,0.0,0.12444198316994284,0.29910365192746596,0.29448539457448414,0.1108371184891033,0.15796658632109442,0.13760724868785215,0.2955738350089466,0.125
2024-04-12,VN:TCH,0.017595307917888547,1,1.0,0.1221703859678569,0.2920764023346513,0.30279483714413263,0.10823306944445366,0.16252143317785636,0.13437425789890606,0.2968956910767624,0.125
2024-04-25,VN:FRT,0.0823529411764703,1,3.0,0.04542724178514608,0.29185301935234725,0.31908036229253894,0.1081502842351879,0.1729642800380075,0.10795205408191842,0.28091633411992595,0.125
2024-04-25,VN:LPB,0.057719320648703665,1,3.0,-0.01647075277917648,0.28858274436431186,0.3639011112146162,0.10693843742414144,0.1338352868991739,0.10674242009775653,0.24057770699693043,0.125
2024-04-25,VN:TCH,0.1803797468354429,1,4.0,-0.02636861702916711,0.3004059381631785,0.33282850932968744,0.11131969424636311,0.16294299949172886,0.09250285876904209,0.25544585826077093,0.125
2024-05-10,VN:TCH,0.043010752688172005,0,2.0,0.13151781652920885,0.2966864495481983,0.29210550463514046,0.10994138151232545,0.16477148725901505,0.13649517704532077,0.3012666643043358,0.125
2024-05-10,VN:DGC,0.02503810711563781,1,1.0,0.041557832313840595,0.29303606471311855,0.3203737640269469,0.10858867738876708,0.16961185128653491,0.10838964258463256,0.27800149387116746,0.125
2024-05-10,VN:FRT,-0.012765957446808307,1,1.0,0.03961160033941269,0.29363110661506653,0.3210243284702301,0.10880918055772781,0.1679256409406662,0.10860974341630936,0.27653538435697556,0.125
2024-05-22,VN:CTS,0.02188940092165903,0,1.0,0.12816475427273477,0.29783189518624464,0.29323327759827134,0.11036584608529393,0.1615468275662275,0.13702215356396252,0.29856898113019004,0.125
2024-05-22,VN:FTS,0.006436106289224197,0,1.0,0.12816475427273477,0.29783189518624464,0.29323327759827134,0.11036584608529393,0.1615468275662275,0.13702215356396252,0.29856898113019004,0.125
2024-05-22,VN:TCH,0.03626943005181338,0,2.0,0.12773497307498027,0.29797872678951376,0.29337781449125844,0.11042024857982807,0.1611335116540379,0.1370896984853618,0.2982232101393997,0.125
2024-06-03,VN:TCH,-0.002512562814070418,0,1.0,0.12773497307498027,0.29797872678951376,0.29337781449125844,0.11042024857982807,0.1611335116540379,0.1370896984853618,0.2982232101393997,0.125
2024-06-03,VN:DBC,0.008426966292134797,1,1.0,0.10590188047436058,0.28727638293390895,0.31828191402134426,0.10645435591855115,0.1558214104798226,0.13216593664637302,0.2879873471261956,0.125
2024-06-03,VN:GVR,-0.04000000000000015,1,0.0,0.10590188047436058,0.28727638293390895,0.31828191402134426,0.10645435591855115,0.1558214104798226,0.13216593664637302,0.2879873471261956,0.125
2024-06-13,VN:TCH,-0.03307888040712481,0,0.0,0.13151781652920885,0.2966864495481983,0.29210550463514046,0.10994138151232545,0.16477148725901505,0.13649517704532077,0.3012666643043358,0.125
2024-06-13,VN:CTS,-0.12389380530973448,1,0.0,0.11485356520315879,0.2945108821433366,0.30531866495753324,0.10913520712909129,0.15554097874242734,0.13549426702761155,0.2910352457700389,0.125
2024-06-13,VN:FTS,-0.11474504025680143,1,0.0,0.10590188047436058,0.28727638293390895,0.31828191402134426,0.10645435591855115,0.1558214104798226,0.13216593664637302,0.2879873471261956,0.125
2024-06-25,VN:GEE,0.03155281007751953,0,1.0,0.1317914147941979,0.2965929850428251,0.2920134707095246,0.10990674957494065,0.16503462441317177,0.13645217025953785,0.3014867946727096,0.125
2024-06-25,VN:CMG,0.023545653257659893,1,1.0,0.03961160033941269,0.29363110661506653,0.3210243284702301,0.10880918055772781,0.1679256409406662,0.10860974341630936,0.27653538435697556,0.125
2024-06-25,VN:TCH,0.022670025188917142,1,1.0,0.03557245406826992,0.30006626024792893,0.31573244694074654,0.11119381255512079,0.16275875149101948,0.11024872876518421,0.2730074802562037,0.125
2024-07-05,VN:GEE,-0.12118914821032112,0,0.0,0.1317914147941979,0.2965929850428251,0.2920134707095246,0.10990674957494065,0.16503462441317177,0.13645217025953785,0.3014867946727096,0.125
2024-07-05,VN:MWG,-0.047256097560975596,1,0.0,0.03961160033941269,0.29363110661506653,0.3210243284702301,0.10880918055772781,0.1679256409406662,0.10860974341630936,0.27653538435697556,0.125
2024-07-05,VN:LPB,-0.013981111065286322,1,1.0,0.034779014017083484,0.2951086317431958,0.3226396907752591,0.10935669962686968,0.16373872120805866,0.10915625664661673,0.27289497785467537,0.125
2024-07-17,VN:GEE,-0.21374173105786876,0,0.0,0.12773497307498027,0.29797872678951376,0.29337781449125844,0.11042024857982807,0.1611335116540379,0.1370896984853618,0.2982232101393997,0.125
2024-07-17,VN:DXG,-0.029629629629629672,0,0.0,0.059228347958190264,0.3118414995015226,0.30456716956820973,0.10174007347747957,0.16110017005727328,0.12075108739551482,0.2818512574527881,0.125
2024-07-17,VN:FRT,-0.02243958573072513,1,0.0,0.032653397838670065,0.2893008205502981,0.3330393334317406,0.10320198973411353,0.16744984187335246,0.10700801441049533,0.2744578562838478,0.125
2024-07-29,VN:LPB,-0.0335576451713534,1,0.0,0.04542724178514608,0.29185301935234725,0.31908036229253894,0.1081502842351879,0.1729642800380075,0.10795205408191842,0.28091633411992595,0.125
2024-07-29,VN:BSI,0.07621247113163965,1,3.0,-0.01862231669757243,0.310308610056469,0.316866283370052,0.09883863626180048,0.18591998794555645,0.08806648236612204,0.2739864703116785,0.125
2024-07-29,VN:DXS,-0.01243339253996456,0,1.0,-0.03877077910071362,0.3222334014870211,0.3147166599024089,0.10513048384046964,0.1664687059863946,0.09145074878370578,0.25791945477010036,0.125
2024-08-08,VN:PDR,0.2658959537572254,0,4.0,0.09756375703865652,0.30949431196608673,0.3022747292775701,0.09557409442105749,0.15988757968116432,0.13276928465412133,0.29265686433528565,0.125
2024-08-08,VN:VGC,0.13358778625954204,0,4.0,0.07740978723593528,0.32032572507130225,0.29101755564620596,0.10450809215363654,0.15460079562811266,0.12954783150074262,0.28414862712885525,0.125
2024-08-08,VN:LPB,0.11111111111111116,1,3.0,0.026077964383287924,0.294727098000314,0.32885516914930824,0.10921532322523457,0.15818729095858675,0.10901511866655643,0.2672024096251432,0.125
2024-08-20,VN:HAG,-0.01886792452830177,0,0.0,0.05689288463842551,0.3152039827702946,0.3078512136693592,0.09502852354092436,0.15986318290743295,0.12205309711198892,0.28191628001942187,0.125
2024-08-20,VN:LPB,-0.012854345790414556,1,1.0,0.029746024692579212,0.2936170587831341,0.32761661978004053,0.10880399090036784,0.16135779912181947,0.10860453141463804,0.2699623305364575,0.125
2024-08-20,VN:MWG,-0.02877697841726623,1,0.0,0.02429775911791443,0.29059732176808506,0.3345318461547184,0.10768497815493477,0.15969827890171318,0.10748757502054851,0.2671858539222617,0.125
2024-08-30,VN:DXS,0.005042016806722671,0,1.0,0.058921387964754046,0.31022530100736095,0.3029887012469314,0.10639549554000433,0.1602652335107647,0.12012526869493867,0.2803905022057034,0.125
2024-08-30,VN:MWG,-0.022922636103151928,1,0.0,0.03636423390018241,0.28700350859750784,0.33039470522419495,0.1063532425059902,0.17009026795356666,0.10615827571874036,0.276248543672307,0.125
2024-08-30,VN:LPB,-0.022288952799864536,1,0.0,0.02653883278941367,0.28174601725879234,0.3426609184148497,0.10440499613858777,0.16697444765383984,0.10421362053393034,0.2711880681877702,0.125
2024-09-13,VN:CMG,0.015655624073808605,0,1.0,0.04205048797987038,0.32420444246974256,0.2945414163578941,0.10659272889351301,0.1552292991039954,0.11943211317485486,0.27466141227885027,0.125
2024-09-13,VN:LPB,0.041039731344585606,1,2.0,0.02270162240872521,0.2824942935999807,0.34357096812552024,0.10593414938057359,0.16351018330515524,0.10449040558877025,0.2680005888939255,0.125
2024-09-13,VN:DXS,0.02941176470588225,0,1.0,0.007962465523554854,0.31560046421290827,0.30823845589871574,0.10823896849867608,0.16304208824163938,0.10488002314806054,0.2679221113896999,0.125
2024-09-25,VN:LPB,0.03303403633326374,1,1.0,0.026642710565985217,0.2828485730927119,0.34400183731321626,0.10090027230010046,0.16762787478330451,0.1046214425106669,0.2722493172939714,0.125
2024-09-25,VN:BMP,-0.004855783237836309,1,1.0,0.018811852020201886,0.2922312064801336,0.33641276264805736,0.10829043549732023,0.15497367314955104,0.10809192222493771,0.26306559537448876,0.125
2024-09-25,VN:IMP,-0.045725646123260355,1,0.0,-0.016524172703766313,0.28951846474712845,0.36508102845098717,0.1040427497013379,0.13426923251639186,0.10708852458415462,0.24135775710054647,0.125
2024-10-07,VN:IMP,-0.10165975103734448,1,0.0,-0.016524172703766313,0.28951846474712845,0.36508102845098717,0.1040427497013379,0.13426923251639186,0.10708852458415462,0.24135775710054647,0.125
2024-10-07,VN:LPB,0.003137025263510118,1,1.0,-0.0165367426952234,0.28973955347745944,0.36535984822153816,0.10335849379537246,0.1343717893119423,0.10717031519368761,0.2415421045056299,0.125
2024-10-07,VN:EVF,0.03976757548507437,0,2.0,-0.04587775940431603,0.322765331103484,0.3152361920335178,0.1106962421121453,0.15970051826831588,0.091601716482537,0.2513022347508529,0.125
2024-10-17,VN:BMP,0.0,1,1.0,0.027740732868788157,0.29726053391622503,0.32499234098912555,0.11015411876716162,0.15764079085144367,0.1099522154760441,0.2675930063274878,0.125
2024-10-17,VN:LPB,0.007819287576020795,1,1.0,-0.016449698051051717,0.2882141599750888,0.3634363277302531,0.10807907319422394,0.1336643457560694,0.10660609334436476,0.24027043910043416,0.125
2024-10-17,VN:VTP,0.07368573404306655,1,3.0,-0.03522205457753105,0.30676750262878844,0.329802016311944,0.11030744344912301,0.16146132831160212,0.09166170929854242,0.25312303761014454,0.125
2024-10-29,VN:BMP,-0.05039317265177523,1,0.0,0.03961160033941269,0.29363110661506653,0.3210243284702301,0.10880918055772781,0.1679256409406662,0.10860974341630936,0.27653538435697556,0.125
2024-10-29,VN:VTP,0.27647996566418365,1,4.0,-0.016104504466056824,0.30061566829681396,0.3330608904361725,0.11139741539955139,0.15686823427677155,0.09805779159069061,0.25492602586746216,0.125
2024-10-29,VN:LPB,-0.027875997039717215,1,0.0,-0.0165367426952234,0.28973955347745944,0.36535984822153816,0.10335849379537246,0.1343717893119423,0.10717031519368761,0.2415421045056299,0.125
2024-11-08,VN:VTP,0.1297038845390035,0,4.0,0.1227863458421754,0.2996692426428775,0.2950422531748322,0.11104669670119949,0.15637435368540184,0.13786745379568904,0.29424180748109086,0.125
2024-11-08,VN:BMP,-0.04766620932789367,1,0.0,-0.019679338473056876,0.2995119802471988,0.3274538340961126,0.1109884199123241,0.17128886920544764,0.09075689653891685,0.2620457657443645,0.125
2024-11-08,VN:GEE,-0.013396537510304896,1,1.0,-0.05081680265614977,0.31911828162913675,0.3258620999496549,0.1049204735481598,0.15953245283566556,0.09056669203738296,0.2500991448730485,0.125
2024-11-20,VN:VTP,0.2555162478573252,0,4.0,0.1227863458421754,0.2996692426428775,0.2950422531748322,0.11104669670119949,0.15637435368540184,0.13786745379568904,0.29424180748109086,0.125
2024-11-20,VN:GEE,-0.015366095453901774,1,1.0,-0.05081680265614977,0.31911828162913675,0.3258620999496549,0.1049204735481598,0.15953245283566556,0.09056669203738296,0.2500991448730485,0.125
2024-11-20,VN:CMG,0.07621231383944793,1,3.0,-0.057900503277778625,0.32103264331817627,0.3278169333934784,0.10632979869842529,0.15371063351631165,0.0911099910736084,0.24482062458992004,0.125
2024-12-02,VN:VTP,0.04612882105004701,0,2.0,0.1227863458421754,0.2996692426428775,0.2950422531748322,0.11104669670119949,0.15637435368540184,0.13786745379568904,0.29424180748109086,0.125
2024-12-02,VN:GEE,-0.06249550521395175,1,0.0,-0.05081680265614977,0.31911828162913675,0.3258620999496549,0.1049204735481598,0.15953245283566556,0.09056669203738296,0.2500991448730485,0.125
2024-12-02,VN:DXS,0.06675567423230966,1,3.0,-0.05677971946612209,0.29903161302930403,0.34424128871976367,0.11192218875942983,0.16002109527572173,0.08478381421578068,0.2448049094915024,0.125
2024-12-12,VN:VTP,0.0,0,1.0,0.1227863458421754,0.2996692426428775,0.2950422531748322,0.11104669670119949,0.15637435368540184,0.13786745379568904,0.29424180748109086,0.125
2024-12-12,VN:ANV,-0.03448275862068961,1,0.0,-0.01647075277917648,0.28858274436431186,0.3639011112146162,0.10693843742414144,0.1338352868991739,0.10674242009775653,0.24057770699693043,0.125
2024-12-12,VN:IMP,-0.045454545454545636,1,0.0,-0.025883064831036265,0.29500780828332046,0.3396091612998766,0.10523784631063847,0.17075311410813543,0.08939206999802903,0.26014518410616444,0.125
2024-12-24,VN:VTP,0.04107348043702652,0,2.0,0.1227863458421754,0.2996692426428775,0.2950422531748322,0.11104669670119949,0.15637435368540184,0.13786745379568904,0.29424180748109086,0.125
2024-12-24,VN:BMP,-0.03845762021189891,1,0.0,0.032628529746190585,0.2890803900086996,0.332785556697415,0.10388531845466252,0.16732225320703545,0.10692648163218742,0.27424873483922285,0.125
2024-12-24,VN:ANV,-0.11274509803921573,1,0.0,-0.01647075277917648,0.28858274436431186,0.3639011112146162,0.10693843742414144,0.1338352868991739,0.10674242009775653,0.24057770699693043,0.125
2025-01-06,VN:VTP,0.10247173378036178,0,3.0,0.1227863458421754,0.2996692426428775,0.2950422531748322,0.11104669670119949,0.15637435368540184,0.13786745379568904,0.29424180748109086,0.125
2025-01-06,VN:LPB,0.1023208728581606,1,3.0,-0.04645652497025296,0.2914514650200108,0.3675185280858922,0.10800147458916436,0.135165696411047,0.09786283589388564,0.23302853230493265,0.125
2025-01-06,VN:GEE,0.06777217015140602,1,3.0,-0.05054525210640949,0.3174129379181126,0.3241207551342136,0.1097036658271601,0.15867992999136551,0.09008271112914813,0.24876264112051366,0.125
2025-01-16,VN:VTP,-0.05639408663289558,0,0.0,0.1227863458421754,0.2996692426428775,0.2950422531748322,0.11104669670119949,0.15637435368540184,0.13786745379568904,0.29424180748109086,0.125
2025-01-16,VN:LPB,0.16215728064154877,1,4.0,-0.04645652497025296,0.2914514650200108,0.3675185280858922,0.10800147458916436,0.135165696411047,0.09786283589388564,0.23302853230493265,0.125
2025-01-16,VN:GEE,0.3921582429959174,1,4.0,-0.05054525210640949,0.3174129379181126,0.3241207551342136,0.1097036658271601,0.15867992999136551,0.09008271112914813,0.24876264112051366,0.125
2025-02-04,VN:VTP,-0.06625952137934532,0,0.0,0.1227863458421754,0.2996692426428775,0.2950422531748322,0.11104669670119949,0.15637435368540184,0.13786745379568904,0.29424180748109086,0.125
2025-02-04,VN:GEE,0.3127244599149124,1,4.0,0.12189795167668127,0.29216703990226267,0.30288881289131053,0.10826665988763168,0.162261531965893,0.13441595535290207,0.29667748731879506,0.125
2025-02-04,VN:CTD,0.1914012553760316,1,4.0,-0.01647075277917648,0.28858274436431186,0.3639011112146162,0.10693843742414144,0.1338352868991739,0.10674242009775653,0.24057770699693043,0.125
2025-02-14,VN:GEE,0.253501971984224,0,4.0,0.1227863458421754,0.2996692426428775,0.2950422531748322,0.11104669670119949,0.15637435368540184,0.13786745379568904,0.29424180748109086,0.125
2025-02-14,VN:VTP,0.006407657459147842,1,1.0,0.11041187993261481,0.29371490418058105,0.3090495100084802,0.10884023214488703,0.15326726094035967,0.1351280927256921,0.28839535366605173,0.125
2025-02-14,VN:CTD,-0.0065184467195734674,1,1.0,0.02520842048805011,0.2898272807189685,0.3347619399109049,0.1073996251657689,0.160808395725301,0.10720275847905669,0.2680111542043577,0.125
2025-02-26,VN:GEE,0.12279751588677068,0,4.0,0.1227863458421754,0.2996692426428775,0.2950422531748322,0.11104669670119949,0.15637435368540184,0.13786745379568904,0.29424180748109086,0.125
2025-02-26,VN:SJS,0.01936799184505622,1,1.0,0.025290527203396765,0.2907711056104632,0.335852066750886,0.10449289841928776,0.16133206073439302,0.10755186848496999,0.268883929219363,0.125
2025-02-26,VN:CTD,-0.1036718364002267,1,0.0,0.02520842048805011,0.2898272807189685,0.3347619399109049,0.1073996251657689,0.160808395725301,0.10720275847905669,0.2680111542043577,0.125
2025-03-10,VN:GEE,0.06036667654125938,0,3.0,0.1227863458421754,0.2996692426428775,0.2950422531748322,0.11104669670119949,0.15637435368540184,0.13786745379568904,0.29424180748109086,0.125
2025-03-10,VN:FTS,-0.02558677360625894,1,0.0,0.021939686940468384,0.29129963462130054,0.335340343370877,0.10794523117068638,0.15766743963210048,0.10774735120503565,0.26541479083713615,0.125
2025-03-10,VN:BSI,-0.005357142857142727,1,1.0,0.02191595618865126,0.29098449619940314,0.3349775497254517,0.10891029415747479,0.1574968762511154,0.10763078366655494,0.26512765991767034,0.125
2025-03-20,VN:GEE,-0.022217071717104964,0,0.0,0.1227863458421754,0.2996692426428775,0.2950422531748322,0.11104669670119949,0.15637435368540184,0.13786745379568904,0.29424180748109086,0.125
2025-03-20,VN:FTS,-0.1858818267653929,1,0.0,0.02191595618865126,0.29098449619940314,0.3349775497254517,0.10891029415747479,0.1574968762511154,0.10763078366655494,0.26512765991767034,0.125
2025-03-20,VN:SJS,-0.136,1,0.0,0.013721287046055713,0.2942223803069833,0.3398384401226276,0.10573316952983783,0.15137757135365051,0.10882843868690076,0.26020601004055127,0.125
2025-04-01,VN:GEE,0.2570869373066482,0,4.0,0.1227863458421754,0.2996692426428775,0.2950422531748322,0.11104669670119949,0.15637435368540184,0.13786745379568904,0.29424180748109086,0.125
2025-04-01,VN:SJS,-0.16981132075471683,1,0.0,0.025290527203396765,0.2907711056104632,0.335852066750886,0.10449289841928776,0.16133206073439302,0.10755186848496999,0.268883929219363,0.125
2025-04-01,VN:GEX,0.12702615434291276,1,4.0,-0.016453079511528967,0.28827344726904974,0.36351107738514815,0.10789561030501998,0.13369184433612574,0.10662802070465638,0.24031986504078212,0.125
2025-04-14,VN:CMG,-0.03725078698845752,0,0.0,0.12532281502119258,0.2999742239721351,0.292976728291013,0.09263422809141195,0.18572952789874292,0.12868529174669707,0.31441481964544,0.125
2025-04-14,VN:GEE,0.2996900888014782,0,4.0,0.1227863458421754,0.2996692426428775,0.2950422531748322,0.11104669670119949,0.15637435368540184,0.13786745379568904,0.29424180748109086,0.125
2025-04-14,VN:VTP,-0.006277772990805008,0,1.0,0.12030783295631409,0.3024539053440094,0.2953985631465912,0.091184601187706,0.1812138855457306,0.12974904477596283,0.3109629303216934,0.125
2025-04-24,VN:CMG,0.1312613882490461,0,4.0,0.12532281502119258,0.2999742239721351,0.292976728291013,0.09263422809141195,0.18572952789874292,0.12868529174669707,0.31441481964544,0.125
2025-04-24,VN:GEE,0.23779006667011204,0,4.0,0.1227863458421754,0.2996692426428775,0.2950422531748322,0.11104669670119949,0.15637435368540184,0.13786745379568904,0.29424180748109086,0.125
2025-04-24,VN:VTP,0.0620257676834548,0,3.0,0.12030783295631409,0.3024539053440094,0.2953985631465912,0.091184601187706,0.1812138855457306,0.12974904477596283,0.3109629303216934,0.125
2025-05-09,VN:GEE,0.36474308300395264,0,4.0,0.1227863458421754,0.2996692426428775,0.2950422531748322,0.11104669670119949,0.15637435368540184,0.13786745379568904,0.29424180748109086,0.125
2025-05-09,VN:VTP,-0.028870791179973376,0,0.0,0.11995534866948454,0.30156768042372945,0.2945330208808114,0.0938475078459272,0.1806829165074881,0.12936887434204386,0.31005179084953194,0.125
2025-05-09,VN:CMG,0.025235048315487063,0,1.0,0.059228347958190264,0.3118414995015226,0.30456716956820973,0.10174007347747957,0.16110017005727328,0.12075108739551482,0.2818512574527881,0.125
2025-05-21,VN:GEE,-0.015167412152336746,0,1.0,0.1227863458421754,0.2996692426428775,0.2950422531748322,0.11104669670119949,0.15637435368540184,0.13786745379568904,0.29424180748109086,0.125
2025-05-21,VN:GEX,0.10768672951414082,1,3.0,0.03961160033941269,0.29363110661506653,0.3210243284702301,0.10880918055772781,0.1679256409406662,0.10860974341630936,0.27653538435697556,0.125
2025-05-21,VN:VIC,0.03743315508021383,1,2.0,0.034779014017083484,0.2951086317431958,0.3226396907752591,0.10935669962686968,0.16373872120805866,0.10915625664661673,0.27289497785467537,0.125
2025-06-02,VN:GEE,-0.02041498708970324,0,0.0,0.1227863458421754,0.2996692426428775,0.2950422531748322,0.11104669670119949,0.15637435368540184,0.13786745379568904,0.29424180748109086,0.125
2025-06-02,VN:VTP,0.06746470461159193,0,3.0,0.08302991899125217,0.30473357666085343,0.29762503726501044,0.09706288648443584,0.18257974224224494,0.1179987573474553,0.30057849958970023,0.125
2025-06-02,VN:GEX,-0.002819746643659804,1,1.0,0.03961160033941269,0.29363110661506653,0.3210243284702301,0.10880918055772781,0.1679256409406662,0.10860974341630936,0.27653538435697556,0.125
2025-06-12,VN:DXS,-0.01980198019801982,1,0.0,0.1264932761080062,0.2902789733579678,0.30093145594694803,0.10864623716955063,0.16659601156857617,0.1335473219569573,0.30014333352553346,0.125
2025-06-12,VN:GEE,-0.009148656406837374,0,1.0,0.1227863458421754,0.2996692426428775,0.2950422531748322,0.11104669670119949,0.15637435368540184,0.13786745379568904,0.29424180748109086,0.125
2025-06-12,VN:SIP,0.05683460167613896,0,2.0,0.10426297395441778,0.3183609724655385,0.28923257107911365,0.09831218800275818,0.1575212866991279,0.13657298175346175,0.2940942684525897,0.125
2025-06-24,VN:GEE,-0.040399396859254866,1,0.0,0.11902693091373043,0.2978602990189239,0.2992976948514237,0.11037637457812391,0.15543040864810956,0.13703522290341888,0.29246563155152844,0.125
2025-06-24,VN:DXS,0.06888888888888878,1,3.0,0.11882770150026456,0.29318860391667934,0.30394783842524764,0.1086452089894206,0.1593324106881947,0.13488593798045767,0.2942183486686524,0.125
2025-06-24,VN:GEX,0.0684487326505594,1,3.0,0.03961160033941269,0.29363110661506653,0.3210243284702301,0.10880918055772781,0.1679256409406662,0.10860974341630936,0.27653538435697556,0.125
2025-07-04,VN:GEE,0.26527570789865873,1,4.0,0.11902693091373043,0.2978602990189239,0.2992976948514237,0.11037637457812391,0.15543040864810956,0.13703522290341888,0.29246563155152844,0.125
2025-07-04,VN:DXS,0.23913043478260887,1,4.0,0.11602612897656381,0.2918612550250718,0.30709906268495835,0.10815333172107743,0.15861106818128123,0.1342752823876112,0.29288635056889245,0.125
2025-07-04,VN:GEX,0.1875092060686403,1,4.0,0.03961160033941269,0.29363110661506653,0.3210243284702301,0.10880918055772781,0.1679256409406662,0.10860974341630936,0.27653538435697556,0.125
2025-07-16,VN:DXS,0.06280193236714982,0,3.0,0.1317914147941979,0.2965929850428251,0.2920134707095246,0.10990674957494065,0.16503462441317177,0.13645217025953785,0.3014867946727096,0.125
2025-07-16,VN:GEE,0.07678712020180933,0,3.0,0.13151781652920885,0.2966864495481983,0.29210550463514046,0.10994138151232545,0.16477148725901505,0.13649517704532077,0.3012666643043358,0.125
2025-07-16,VN:TCH,-0.04761904761904767,1,0.0,0.11205330240607325,0.28732695533349467,0.31413205755951873,0.10647309333518684,0.15987869739803603,0.13218919637376375,0.29206789377179976,0.125
2025-07-28,VN:DXS,0.06751054852320681,0,3.0,0.1317914147941979,0.2965929850428251,0.2920134707095246,0.10990674957494065,0.16503462441317177,0.13645217025953785,0.3014867946727096,0.125
2025-07-28,VN:GEE,-0.0038959015116099005,0,1.0,0.1227863458421754,0.2996692426428775,0.2950422531748322,0.11104669670119949,0.15637435368540184,0.13786745379568904,0.29424180748109086,0.125
2025-07-28,VN:CTS,0.05529411764705894,1,2.0,0.03974227636860517,0.29459989290386357,0.3220835054075979,0.10586883951625853,0.1684796822702861,0.10896807990199386,0.27744776217227995,0.125
2025-08-07,VN:DXS,-0.057613168724279906,0,0.0,0.12773497307498027,0.29797872678951376,0.29337781449125844,0.11042024857982807,0.1611335116540379,0.1370896984853618,0.2982232101393997,0.125
2025-08-07,VN:SJS,-0.11267605633802813,0,0.0,0.12674583683529253,0.2983166321861242,0.2937105043785349,0.11054547295787145,0.16018222511086203,0.13724516536660739,0.2974273904774694,0.125
2025-08-07,VN:VSC,0.13872832369942212,0,4.0,0.12674583683529253,0.2983166321861242,0.2937105043785349,0.11054547295787145,0.16018222511086203,0.13724516536660739,0.2974273904774694,0.125
2025-08-19,VN:DXS,-0.02692307692307694,0,0.0,0.1317914147941979,0.2965929850428251,0.2920134707095246,0.10990674957494065,0.16503462441317177,0.13645217025953785,0.3014867946727096,0.125
2025-08-19,VN:EVF,-0.16242038216560506,0,0.0,0.12717070891326565,0.2993166379783309,0.2946950727396815,0.10756387321135685,0.1607191824752275,0.13770523359540326,0.29842441607063075,0.125
2025-08-19,VN:PDR,-0.08949416342412453,0,0.0,0.12674583683529253,0.2983166321861242,0.2937105043785349,0.11054547295787145,0.16018222511086203,0.13724516536660739,0.2974273904774694,0.125
2025-08-29,VN:DXS,-0.0038610038610037423,0,1.0,0.12773497307498027,0.29797872678951376,0.29337781449125844,0.11042024857982807,0.1611335116540379,0.1370896984853618,0.2982232101393997,0.125
2025-08-29,VN:VIX,-0.018576143328618566,0,0.0,0.12674583683529253,0.2983166321861242,0.2937105043785349,0.11054547295787145,0.16018222511086203,0.13724516536660739,0.2974273904774694,0.125
2025-08-29,VN:VSC,-0.018333333333333313,0,0.0,0.1227863458421754,0.2996692426428775,0.2950422531748322,0.11104669670119949,0.15637435368540184,0.13786745379568904,0.29424180748109086,0.125
2025-09-12,VN:GEX,0.009096661920582116,1,1.0,0.12801657426332572,0.2948208705362548,0.2962436035835206,0.10925006703659793,0.16404856496976963,0.13563689387385705,0.2996854588436267,0.125
2025-09-12,VN:DXS,-0.09926470588235292,0,0.0,0.12773497307498027,0.29797872678951376,0.29337781449125844,0.11042024857982807,0.1611335116540379,0.1370896984853618,0.2982232101393997,0.125
2025-09-12,VN:ANV,0.010507880910682887,0,1.0,0.12674583683529253,0.2983166321861242,0.2937105043785349,0.11054547295787145,0.16018222511086203,0.13724516536660739,0.2974273904774694,0.125
2025-09-24,VN:CII,0.09836065573770503,0,3.0,0.12674583683529253,0.2983166321861242,0.2937105043785349,0.11054547295787145,0.16018222511086203,0.13724516536660739,0.2974273904774694,0.125
2025-09-24,VN:SJS,-0.05070422535211261,0,0.0,0.1227863458421754,0.2996692426428775,0.2950422531748322,0.11104669670119949,0.15637435368540184,0.13786745379568904,0.29424180748109086,0.125
2025-09-24,VN:VIX,0.014820019802612716,0,1.0,0.1227863458421754,0.2996692426428775,0.2950422531748322,0.11104669670119949,0.15637435368540184,0.13786745379568904,0.29424180748109086,0.125
2025-10-06,VN:ANV,-0.009493670886075889,0,1.0,0.12773497307498027,0.29797872678951376,0.29337781449125844,0.11042024857982807,0.1611335116540379,0.1370896984853618,0.2982232101393997,0.125
2025-10-06,VN:VIC,0.1296605453533668,0,4.0,0.12674583683529253,0.2983166321861242,0.2937105043785349,0.11054547295787145,0.16018222511086203,0.13724516536660739,0.2974273904774694,0.125
2025-10-06,VN:CII,0.06153846153846154,0,3.0,0.1227863458421754,0.2996692426428775,0.2950422531748322,0.11104669670119949,0.15637435368540184,0.13786745379568904,0.29424180748109086,0.125
2025-10-16,VN:GEX,-0.3256907179919287,0,0.0,0.13151781652920885,0.2966864495481983,0.29210550463514046,0.10994138151232545,0.16477148725901505,0.13649517704532077,0.3012666643043358,0.125
2025-10-16,VN:VIC,-0.08305959643359917,0,0.0,0.12674583683529253,0.2983166321861242,0.2937105043785349,0.11054547295787145,0.16018222511086203,0.13724516536660739,0.2974273904774694,0.125
2025-10-16,VN:CII,-0.2533333333333334,0,0.0,0.1227863458421754,0.2996692426428775,0.2950422531748322,0.11104669670119949,0.15637435368540184,0.13786745379568904,0.29424180748109086,0.125
2025-10-28,VN:GEE,-0.03833323463808458,0,0.0,0.1227863458421754,0.2996692426428775,0.2950422531748322,0.11104669670119949,0.15637435368540184,0.13786745379568904,0.29424180748109086,0.125
2025-10-28,VN:VIC,-0.040436165379373,0,0.0,0.1227863458421754,0.2996692426428775,0.2950422531748322,0.11104669670119949,0.15637435368540184,0.13786745379568904,0.29424180748109086,0.125
2025-10-28,VN:VJC,-0.059733333333333305,1,0.0,0.03974227636860517,0.29459989290386357,0.3220835054075979,0.10586883951625853,0.1684796822702861,0.10896807990199386,0.27744776217227995,0.125
2025-11-07,VN:GEE,0.10254834745488628,0,3.0,0.1227863458421754,0.2996692426428775,0.2950422531748322,0.11104669670119949,0.15637435368540184,0.13786745379568904,0.29424180748109086,0.125
2025-11-07,VN:VIC,0.2168252378567852,0,4.0,0.1227863458421754,0.2996692426428775,0.2950422531748322,0.11104669670119949,0.15637435368540184,0.13786745379568904,0.29424180748109086,0.125
2025-11-07,VN:VJC,0.23089887640449436,1,4.0,0.03974227636860517,0.29459989290386357,0.3220835054075979,0.10586883951625853,0.1684796822702861,0.10896807990199386,0.27744776217227995,0.125
2025-11-19,VN:VIC,0.2952380952380953,0,4.0,0.1227863458421754,0.2996692426428775,0.2950422531748322,0.11104669670119949,0.15637435368540184,0.13786745379568904,0.29424180748109086,0.125
2025-11-19,VN:VIX,-0.024030713811735605,0,0.0,0.11995534866948454,0.30156768042372945,0.2945330208808114,0.0938475078459272,0.1806829165074881,0.12936887434204386,0.31005179084953194,0.125
2025-11-19,VN:GEE,0.34082834016608854,1,4.0,0.11902693091373043,0.2978602990189239,0.2992976948514237,0.11037637457812391,0.15543040864810956,0.13703522290341888,0.29246563155152844,0.125
2025-12-01,VN:GEE,-0.15615119347739936,0,0.0,0.1227863458421754,0.2996692426428775,0.2950422531748322,0.11104669670119949,0.15637435368540184,0.13786745379568904,0.29424180748109086,0.125
2025-12-01,VN:VIC,0.058910707669507456,0,3.0,0.1227863458421754,0.2996692426428775,0.2950422531748322,0.11104669670119949,0.15637435368540184,0.13786745379568904,0.29424180748109086,0.125
2025-12-01,VN:VIX,-0.09184561810795111,0,0.0,0.11995534866948454,0.30156768042372945,0.2945330208808114,0.0938475078459272,0.1806829165074881,0.12936887434204386,0.31005179084953194,0.125
2025-12-11,VN:VIC,0.09383561643835603,0,3.0,0.1227863458421754,0.2996692426428775,0.2950422531748322,0.11104669670119949,0.15637435368540184,0.13786745379568904,0.29424180748109086,0.125
2025-12-11,VN:SJS,0.01565217391304352,0,1.0,0.11995534866948454,0.30156768042372945,0.2945330208808114,0.0938475078459272,0.1806829165074881,0.12936887434204386,0.31005179084953194,0.125
2025-12-11,VN:VIX,-0.025624145439813617,0,0.0,0.11995534866948454,0.30156768042372945,0.2945330208808114,0.0938475078459272,0.1806829165074881,0.12936887434204386,0.31005179084953194,0.125
2025-12-23,VN:VIC,-0.03649205414949985,0,0.0,0.1227863458421754,0.2996692426428775,0.2950422531748322,0.11104669670119949,0.15637435368540184,0.13786745379568904,0.29424180748109086,0.125
2025-12-23,VN:VIX,-0.04392880162625812,0,0.0,0.11995534866948454,0.30156768042372945,0.2945330208808114,0.0938475078459272,0.1806829165074881,0.12936887434204386,0.31005179084953194,0.125
2025-12-23,VN:DXS,-0.08794788273615639,0,0.0,0.0948503564003669,0.3101704852939144,0.3029351374466273,0.09652468803768742,0.15731032862385882,0.13305936059791204,0.29036968922177087,0.125
2026-01-06,VN:PAN,0.08239311163895491,0,3.0,0.3304069141982956,0.28466563992700517,0.27802523556314057,0.087906821252304,0.14706086893288986,0.2023414343246604,0.3494023032575503,0.125
2026-01-06,VN:DGC,0.17142857142857149,0,4.0,0.13280925352587183,0.3185609328532358,0.286463980175018,0.09737111773149845,0.1491048656270633,0.14849910361318444,0.29760396924024773,0.125
2026-01-06,VN:CTS,0.06280113659761977,0,3.0,0.12532281502119258,0.2999742239721351,0.292976728291013,0.09263422809141195,0.18572952789874292,0.12868529174669707,0.31441481964544,0.125
2026-01-16,VN:PAN,0.11347982945227941,0,3.0,0.13478068304460655,0.3055257637897108,0.2983987771809739,0.09434858217507544,0.15783739756895762,0.14388947928528223,0.3017268768542398,0.125
2026-01-16,VN:GVR,0.19220055710306405,0,4.0,0.12674583683529253,0.2983166321861242,0.2937105043785349,0.11054547295787145,0.16018222511086203,0.13724516536660739,0.2974273904774694,0.125
2026-01-16,VN:HDC,0.01646068325327854,0,1.0,0.12532281502119258,0.2999742239721351,0.292976728291013,0.09263422809141195,0.18572952789874292,0.12868529174669707,0.31441481964544,0.125
2026-01-28,VN:GVR,-0.047120418848167644,0,0.0,0.12674583683529253,0.2983166321861242,0.2937105043785349,0.11054547295787145,0.16018222511086203,0.13724516536660739,0.2974273904774694,0.125
2026-01-28,VN:CTS,-0.0032278088144009898,0,1.0,0.12532281502119258,0.2999742239721351,0.292976728291013,0.09263422809141195,0.18572952789874292,0.12868529174669707,0.31441481964544,0.125
2026-01-28,VN:HDC,-0.009303320322942787,0,1.0,0.12532281502119258,0.2999742239721351,0.292976728291013,0.09263422809141195,0.18572952789874292,0.12868529174669707,0.31441481964544,0.125
2026-02-09,VN:BVH,0.045751633986928164,0,2.0,0.12674583683529253,0.2983166321861242,0.2937105043785349,0.11054547295787145,0.16018222511086203,0.13724516536660739,0.2974273904774694,0.125
2026-02-09,VN:CTS,0.03997954138607107,0,2.0,0.12532281502119258,0.2999742239721351,0.292976728291013,0.09263422809141195,0.18572952789874292,0.12868529174669707,0.31441481964544,0.125
2026-02-09,VN:HDC,-0.11692729766803844,0,0.0,0.09756375703865652,0.30949431196608673,0.3022747292775701,0.09557409442105749,0.15988757968116432,0.13276928465412133,0.29265686433528565,0.125
2026-02-26,VN:VIC,-0.14328004736530497,0,0.0,0.1558744735140432,0.28973522350586617,0.2852616267612334,0.10335695589546925,0.18834903555588373,0.13329715828154745,0.3216461938374312,0.125
2026-02-26,VN:BVH,-0.1428571428571429,0,0.0,0.12674583683529253,0.2983166321861242,0.2937105043785349,0.11054547295787145,0.16018222511086203,0.13724516536660739,0.2974273904774694,0.125
2026-02-26,VN:PVD,-0.005347593582887611,0,1.0,0.12674583683529253,0.2983166321861242,0.2937105043785349,0.11054547295787145,0.16018222511086203,0.13724516536660739,0.2974273904774694,0.125
2026-03-10,VN:DXS,0.06218487394957983,0,3.0,0.13478068304460655,0.3055257637897108,0.2983987771809739,0.09434858217507544,0.15783739756895762,0.14388947928528223,0.3017268768542398,0.125
2026-03-10,VN:HDC,0.03798063995697776,0,2.0,0.13478068304460655,0.3055257637897108,0.2983987771809739,0.09434858217507544,0.15783739756895762,0.14388947928528223,0.3017268768542398,0.125
2026-03-10,VN:PVD,-0.12262958280657377,0,0.0,0.1227863458421754,0.2996692426428775,0.2950422531748322,0.11104669670119949,0.15637435368540184,0.13786745379568904,0.29424180748109086,0.125
2026-03-20,VN:VJC,0.039415503376228456,0,2.0,0.12030783295631409,0.3024539053440094,0.2953985631465912,0.091184601187706,0.1812138855457306,0.12974904477596283,0.3109629303216934,0.125
2026-03-20,VN:CTS,0.045691460860246336,0,2.0,0.09756375703865652,0.30949431196608673,0.3022747292775701,0.09557409442105749,0.15988757968116432,0.13276928465412133,0.29265686433528565,0.125
2026-03-20,VN:DXS,0.1298076923076923,0,4.0,0.09756375703865652,0.30949431196608673,0.3022747292775701,0.09557409442105749,0.15988757968116432,0.13276928465412133,0.29265686433528565,0.125
2026-04-01,VN:VJC,0.06530713985262282,0,3.0,0.11995534866948454,0.30156768042372945,0.2945330208808114,0.0938475078459272,0.1806829165074881,0.12936887434204386,0.31005179084953194,0.125
2026-04-01,VN:CTS,-0.03203494721514377,0,0.0,0.09756375703865652,0.30949431196608673,0.3022747292775701,0.09557409442105749,0.15988757968116432,0.13276928465412133,0.29265686433528565,0.125
2026-04-01,VN:DXG,0.031109710955343983,0,1.0,0.09756375703865652,0.30949431196608673,0.3022747292775701,0.09557409442105749,0.15988757968116432,0.13276928465412133,0.29265686433528565,0.125
2026-04-13,VN:VRE,0.22323049001814899,0,4.0,0.09280824730402415,0.3108702623163928,0.30361858236505523,0.09674245936231657,0.1554091435328807,0.13335955242335462,0.28876869595623533,0.125
2026-04-13,VN:VIC,0.32499999999999996,1,4.0,0.0019950792787993,0.2948556332247148,0.32247648604144113,0.10383037787170345,0.1892117765310936,0.08962572633104701,0.2788375028621406,0.125
2026-04-13,VN:VJC,0.07853407222079345,0,3.0,-0.01184996252804879,0.31363655071367474,0.3063203783726805,0.10311819175237989,0.18791393005591422,0.08901094910535065,0.27692487916126485,0.125
2026-04-23,VN:VIC,0.07132867132867138,0,3.0,0.1227863458421754,0.2996692426428775,0.2950422531748322,0.11104669670119949,0.15637435368540184,0.13786745379568904,0.29424180748109086,0.125
2026-04-23,VN:VHM,0.05369127516778516,1,2.0,0.11320558106001033,0.2950592019032001,0.30588713060403516,0.10933839448289279,0.1539687353821938,0.13574653762767808,0.2897152730098719,0.125
2026-04-23,VN:BCM,-0.016574585635359074,0,1.0,0.09435766654140748,0.32283311120173,0.2903057250289403,0.09867694679865399,0.15110450532720968,0.137079711643466,0.28818421697067564,0.125
2026-05-08,VN:VHM,-0.062195121951219456,0,0.0,0.1227863458421754,0.2996692426428775,0.2950422531748322,0.11104669670119949,0.15637435368540184,0.13786745379568904,0.29424180748109086,0.125
2026-05-08,VN:VIC,-0.05752212389380529,0,0.0,0.1227863458421754,0.2996692426428775,0.2950422531748322,0.11104669670119949,0.15637435368540184,0.13786745379568904,0.29424180748109086,0.125
2026-05-08,VN:PLX,0.06382978723404253,0,3.0,0.12261598177599853,0.30166030829132523,0.294623502928719,0.09094535085396024,0.18336223612315167,0.12940860180284386,0.3127708379259955,0.125
