date,ml_factor_classifier,VN:VNINDEX
2021-01-04 00:00:00+00:00,0.0,0.015038002663357197
2021-01-05 00:00:00+00:00,-0.0012,0.01078119003632394
2021-01-06 00:00:00+00:00,0.004790154110311919,0.00941238797404087
2021-01-07 00:00:00+00:00,0.023462982556464184,0.011616413432352646
2021-01-08 00:00:00+00:00,0.014520147217042931,0.009684476303297052
2021-01-11 00:00:00+00:00,0.023531915636344682,0.014729936883933314
2021-01-12 00:00:00+00:00,0.007122387182481882,0.006236865869405417
2021-01-13 00:00:00+00:00,0.0017231202834895273,-0.005225282651726171
2021-01-14 00:00:00+00:00,0.012148915895695672,0.0011382319463766333
2021-01-15 00:00:00+00:00,0.003196843805421275,0.005726798046151282
2021-01-18 00:00:00+00:00,-0.00869992511957427,-0.0018924803215542019
2021-01-19 00:00:00+00:00,-0.04900051493755683,-0.0511267345671762
2021-01-20 00:00:00+00:00,-0.007048228347269098,0.0032537577365163717
2021-01-21 00:00:00+00:00,0.022872178896908436,0.026024958578630075
2021-01-22 00:00:00+00:00,-0.003064266212731848,0.002207505518763808
2021-01-25 00:00:00+00:00,-0.00267871266735283,-0.0006256535079449677
2021-01-26 00:00:00+00:00,-0.022088491227050044,-0.02566785300801855
2021-01-27 00:00:00+00:00,-0.04500173687883388,-0.034283350350314934
2021-01-28 00:00:00+00:00,-0.051098675047033054,-0.0667444425203022
2021-01-29 00:00:00+00:00,0.010633157711363007,0.031906166376935996
2021-02-01 00:00:00+00:00,-0.04524261593016535,-0.019969525179583725
2021-02-02 00:00:00+00:00,0.02129258843765459,0.038647622910449986
2021-02-03 00:00:00+00:00,0.05037045342584459,0.033248723884968356
2021-02-04 00:00:00+00:00,0.009289935836671558,0.0008098696109926085
2021-02-05 00:00:00+00:00,0.0304267446496735,0.013235148670640795
2021-02-08 00:00:00+00:00,-0.01843013686161827,-0.03880522845657597
2021-02-09 00:00:00+00:00,0.021867604304668706,0.029311841060580823
2021-02-17 00:00:00+00:00,0.04757713122043561,0.036639071511215926
2021-02-18 00:00:00+00:00,0.017591290444421922,0.01609302808492985
2021-02-19 00:00:00+00:00,-0.012044943510453229,-0.0007493315621861507
2021-02-22 00:00:00+00:00,-0.007570533305637838,0.0013123135918193807
2021-02-23 00:00:00+00:00,-0.010828203435529007,0.0022126906318082895
2021-02-24 00:00:00+00:00,-0.008633118213838673,-0.013272307326517518
2021-02-25 00:00:00+00:00,0.0030259781794666593,0.002943176048398888
2021-02-26 00:00:00+00:00,0.024761316769362232,0.002608479273744413
2021-03-01 00:00:00+00:00,0.04564592098821335,0.015148014069680915
2021-03-02 00:00:00+00:00,0.012655668195548697,0.0003709417705723972
2021-03-03 00:00:00+00:00,0.01489434628594317,0.00028653053657068384
2021-03-04 00:00:00+00:00,-0.006551235686465283,-0.01552719154134552
2021-03-05 00:00:00+00:00,0.02352212851680022,0.0001454831752987218
2021-03-08 00:00:00+00:00,0.029458733399511283,-0.0003593767380571933
2021-03-09 00:00:00+00:00,-0.006843728500040217,-0.00539258904191664
2021-03-10 00:00:00+00:00,0.005998057556598966,0.006979526149556214
2021-03-11 00:00:00+00:00,0.006836384686890958,0.009956584165185411
2021-03-12 00:00:00+00:00,0.0004067624181817188,-0.00014385688778317807
2021-03-15 00:00:00+00:00,-0.006326856917768971,0.002539016215850287
2021-03-16 00:00:00+00:00,0.00010174934085788845,-0.003933950158708566
2021-03-17 00:00:00+00:00,0.017162968014714727,0.005246207305703798
2021-03-18 00:00:00+00:00,0.009171563584666862,0.012520129163891447
2021-03-19 00:00:00+00:00,0.002823691896568307,-0.005737172548170633
2021-03-22 00:00:00+00:00,-0.008597182574756676,0.00031824462962193323
2021-03-23 00:00:00+00:00,-0.014029090986982058,-0.009192669306698598
2021-03-24 00:00:00+00:00,-0.026571077742322542,-0.01828552114580262
2021-03-25 00:00:00+00:00,-0.007064352414270404,0.0011103364577684793
2021-03-26 00:00:00+00:00,0.01349640464782825,-0.00076519645774209
2021-03-29 00:00:00+00:00,0.016763239065200723,0.0115899880400272
2021-03-30 00:00:00+00:00,0.019507135544533562,0.009084104518236158
2021-03-31 00:00:00+00:00,-0.00010787765528191679,0.004282005462085792
2021-04-01 00:00:00+00:00,0.018265464819780395,0.020697643188074766
2021-04-02 00:00:00+00:00,0.002189042234592759,0.006866211660225385
2021-04-05 00:00:00+00:00,-0.024549261961456372,0.009473641226673157
2021-04-06 00:00:00+00:00,-0.001476014887208999,0.003163302455402306
2021-04-07 00:00:00+00:00,0.008544798762355988,0.0019516758605115925
2021-04-08 00:00:00+00:00,0.005260618979279137,-0.006028751267728061
2021-04-09 00:00:00+00:00,0.01621735944942554,-0.0026156175853719876
2021-04-12 00:00:00+00:00,0.011193108847738248,0.01687965834727123
2021-04-13 00:00:00+00:00,-0.02085028439667559,-0.003289552477144908
2021-04-14 00:00:00+00:00,-0.008054142085450107,0.006040069532895931
2021-04-15 00:00:00+00:00,-0.00980857987553175,-0.006863767746661642
2021-04-16 00:00:00+00:00,0.0036952514801450935,-0.006847063539787479
2021-04-19 00:00:00+00:00,0.010817859193639616,0.017655464152222855
2021-04-20 00:00:00+00:00,0.00507532278851312,0.0061082993542656006
2021-04-22 00:00:00+00:00,-0.043529171470992306,-0.03190147286088252
2021-04-23 00:00:00+00:00,0.03872493903658558,0.016867293251453752
2021-04-26 00:00:00+00:00,-0.011815317110013688,-0.026238856895709373
2021-04-27 00:00:00+00:00,0.004680512885116402,0.0032736455086077587
2021-04-28 00:00:00+00:00,0.00505920472409501,0.008034433285509346
2021-04-29 00:00:00+00:00,0.024466095740306906,0.008002927900451429
2021-05-04 00:00:00+00:00,0.02028532562163596,0.0022672443702143052
2021-05-05 00:00:00+00:00,0.007239632454842903,0.011455482208984069
2021-05-06 00:00:00+00:00,-0.0033626559443122603,-0.004664008341093484
2021-05-07 00:00:00+00:00,0.03577127566828268,-0.00700480580855134
2021-05-10 00:00:00+00:00,0.043415554839673055,0.014309757531345335
2021-05-11 00:00:00+00:00,-0.01786755964467927,-0.0028104606297336687
2021-05-12 00:00:00+00:00,0.011941747184044265,0.010389796503295967
2021-05-13 00:00:00+00:00,-0.005927871358979374,-0.0055945598814898245
2021-05-14 00:00:00+00:00,-0.015459630922884148,0.003462784966600241
2021-05-17 00:00:00+00:00,-0.0005966493858010046,-0.006048832875327648
2021-05-18 00:00:00+00:00,0.014274817768815638,-0.004782712322237259
2021-05-19 00:00:00+00:00,0.011382361887817296,0.007831209886004276
2021-05-20 00:00:00+00:00,0.011192756422289065,0.012459504629739548
2021-05-21 00:00:00+00:00,-0.008938871296930564,0.0044671496299542035
2021-05-24 00:00:00+00:00,0.005356185665975399,0.01094296418029006
2021-05-25 00:00:00+00:00,0.006532538991919983,0.008166535693924226
2021-05-26 00:00:00+00:00,0.0027858673441299208,0.0062051995292609075
2021-05-27 00:00:00+00:00,-0.013752268893153632,-0.009971899445583743
2021-05-28 00:00:00+00:00,-0.004482870099836922,0.012956726527919571
2021-05-31 00:00:00+00:00,0.007482605451915834,0.005747996910167696
2021-06-01 00:00:00+00:00,0.01260177938648091,0.007326531380595691
2021-06-02 00:00:00+00:00,0.011489306845749251,0.0022425211918253307
2021-06-03 00:00:00+00:00,0.04958671871502969,0.017527111084592484
2021-06-04 00:00:00+00:00,-0.015531610458929802,0.007161286539419942
2021-06-07 00:00:00+00:00,-0.0410756983008631,-0.011113132709872242
2021-06-08 00:00:00+00:00,-0.0573991578092522,-0.028628622735100473
2021-06-09 00:00:00+00:00,0.021251192819446516,0.009864533139376297
2021-06-10 00:00:00+00:00,-0.009183347289995824,-0.006992272488558937
2021-06-11 00:00:00+00:00,0.029816581212020216,0.021275631242539284
2021-06-14 00:00:00+00:00,0.03757921296500714,0.0073830766271620885
2021-06-15 00:00:00+00:00,0.013260062516660025,0.004141820638604132
2021-06-16 00:00:00+00:00,-0.0017538724257170823,-0.007927685466885048
2021-06-17 00:00:00+00:00,0.03321864200198336,0.002506413469760993
2021-06-18 00:00:00+00:00,-0.0004883877856009034,0.013125772104241262
2021-06-21 00:00:00+00:00,-0.023768655454149534,-0.003730666221502754
2021-06-22 00:00:00+00:00,-0.006605469116970207,0.0053473987891856645
2021-06-23 00:00:00+00:00,0.0007796509307863203,-0.002246425646934447
2021-06-24 00:00:00+00:00,-0.011030900179348588,0.0020699121921461394
2021-06-25 00:00:00+00:00,0.023272698897730724,0.007537761284898359
2021-06-28 00:00:00+00:00,0.006468962405649629,0.011286795384571224
2021-06-29 00:00:00+00:00,0.0022689177435689526,0.003008941464351489
2021-06-30 00:00:00+00:00,-0.0020304709857196608,-0.0010567076111316354
2021-07-01 00:00:00+00:00,0.016031065627837737,0.006055873060949235
2021-07-02 00:00:00+00:00,0.010779794902901645,0.0022511079120444144
2021-07-05 00:00:00+00:00,-0.017920029814925652,-0.0064353960866594395
2021-07-06 00:00:00+00:00,-0.05033623321692001,-0.03992544981681356
2021-07-07 00:00:00+00:00,0.01586240475494164,0.024918991135157498
2021-07-08 00:00:00+00:00,-0.009798832032799458,-0.009988837276295293
2021-07-09 00:00:00+00:00,-0.04127147549903813,-0.020033753309861124
2021-07-12 00:00:00+00:00,-0.053210824096606095,-0.037739210475526086
2021-07-13 00:00:00+00:00,0.027402978054678326,0.0009565686955179675
2021-07-14 00:00:00+00:00,-0.023174761881248243,-0.013587249718698402
2021-07-15 00:00:00+00:00,0.03200306474962156,0.010946082146400915
2021-07-16 00:00:00+00:00,-0.004730502888338414,0.004165636206256762
2021-07-19 00:00:00+00:00,-0.04563759417435042,-0.042945871270135605
2021-07-20 00:00:00+00:00,0.03704228651619504,0.02394833978013855
2021-07-21 00:00:00+00:00,-0.001790400147159405,-0.0019634176032168327
2021-07-22 00:00:00+00:00,0.011504573862276928,0.018004548351812755
2021-07-23 00:00:00+00:00,-0.01237071805352476,-0.0192011873197957
2021-07-26 00:00:00+00:00,-0.0019980381370556643,0.0030579352631954215
2021-07-27 00:00:00+00:00,-0.008948108156143358,0.003315759285304587
2021-07-28 00:00:00+00:00,-0.017592695733420007,0.0001096379597940178
2021-07-29 00:00:00+00:00,0.030485893799674365,0.012943691418638048
2021-07-30 00:00:00+00:00,0.004645584282259161,0.012716450216450292
2021-08-02 00:00:00+00:00,-0.0006198979294455959,0.003183084615091092
2021-08-03 00:00:00+00:00,0.038851966569023094,0.013863736665094217
2021-08-04 00:00:00+00:00,-0.005293874512305651,0.0017261565248716249
2021-08-05 00:00:00+00:00,0.005043754295711012,0.008098955601840041
2021-08-06 00:00:00+00:00,0.011548829120272896,-0.0030470811192448988
2021-08-09 00:00:00+00:00,0.019404932924827558,0.013723955421372391
2021-08-10 00:00:00+00:00,0.013163472500419807,0.0018899004309267387
2021-08-11 00:00:00+00:00,-0.002043498665172654,-0.003405679557848873
2021-08-12 00:00:00+00:00,-0.012336501986083628,-0.0034909669389228126
2021-08-13 00:00:00+00:00,0.02839374898634871,0.0029562839510735017
2021-08-16 00:00:00+00:00,0.00011521734191425252,0.01025017501197456
2021-08-17 00:00:00+00:00,0.013953829663667665,-0.005740503005193576
2021-08-18 00:00:00+00:00,0.013805954694179154,-0.001577298637654101
2021-08-19 00:00:00+00:00,0.004071830595081517,0.010220876746954266
2021-08-20 00:00:00+00:00,-0.033593246348551715,-0.0330363312361347
2021-08-23 00:00:00+00:00,0.02060409683267542,-0.022994817327727013
2021-08-24 00:00:00+00:00,-0.012606979553824093,-9.238871009953353e-05
2021-08-25 00:00:00+00:00,0.027796321612815946,0.00832345196113149
2021-08-26 00:00:00+00:00,0.0012593570879922153,-0.006437325798938631
2021-08-27 00:00:00+00:00,0.007323977270148558,0.009284308903098948
2021-08-30 00:00:00+00:00,0.011511407924417844,0.011376789521778896
2021-08-31 00:00:00+00:00,-0.0008598671946449893,0.0025072658002920356
2021-09-01 00:00:00+00:00,0.012311533160051815,0.00238833770193847
2021-09-06 00:00:00+00:00,-0.008481449361746198,0.008796313640280218
2021-09-07 00:00:00+00:00,-0.01191086134143496,-0.003334843544589572
2021-09-08 00:00:00+00:00,-0.002312163798797262,-0.00617780758625841
2021-09-09 00:00:00+00:00,0.009955593890842208,0.007775886503550655
2021-09-10 00:00:00+00:00,0.010668418924014433,0.000989598059494945
2021-09-13 00:00:00+00:00,-0.003326409709610603,-0.0028840936289775687
2021-09-14 00:00:00+00:00,-0.0018310861768043387,-0.0012896684881059661
2021-09-15 00:00:00+00:00,0.03474406951044866,0.004575651265208647
2021-09-16 00:00:00+00:00,-0.002880301674610014,2.972143584245579e-05
2021-09-17 00:00:00+00:00,0.01945591513697955,0.005030203511483533
2021-09-20 00:00:00+00:00,-0.01251373415456191,-0.0015968772178850399
2021-09-21 00:00:00+00:00,0.022147857484166984,-0.00787868017297566
2021-09-22 00:00:00+00:00,-0.011144867561631291,0.008090518270838398
2021-09-23 00:00:00+00:00,-0.0018878590530362548,0.0015399650546390475
2021-09-24 00:00:00+00:00,-0.005264284954181965,-0.0011753747893195055
2021-09-27 00:00:00+00:00,-0.019301729132743372,-0.01937580023239127
2021-09-28 00:00:00+00:00,0.013998006458117196,0.010807628736820618
2021-09-29 00:00:00+00:00,-0.008667011736110862,-7.466531273558896e-05
2021-09-30 00:00:00+00:00,0.011535921909450356,0.002128120309734749
2021-10-01 00:00:00+00:00,-0.004826517179437739,-0.005342533120724746
2021-10-04 00:00:00+00:00,-0.01106605062025551,0.0034834330918651624
2021-10-05 00:00:00+00:00,0.011838383131875201,0.011265061140391497
2021-10-06 00:00:00+00:00,0.015329752254116525,0.006045931361331025
2021-10-07 00:00:00+00:00,0.011090924328513415,0.002326059200774999
2021-10-08 00:00:00+00:00,-0.011526613207459908,0.004934150323208764
2021-10-11 00:00:00+00:00,-0.0003785277843160619,0.015560233986289917
2021-10-12 00:00:00+00:00,0.017594408381943424,0.0005092928003214148
2021-10-13 00:00:00+00:00,0.005790792964430381,-0.002071981646113996
2021-10-14 00:00:00+00:00,-0.0008821247176847659,-4.3106235317114105e-05
2021-10-15 00:00:00+00:00,0.0012679303911610927,0.0006106979918814037
2021-10-18 00:00:00+00:00,-0.001762938356821778,0.002032024125798726
2021-10-19 00:00:00+00:00,-0.006823690776687966,-0.00014331472630468856
2021-10-20 00:00:00+00:00,0.009900956233609317,-0.0010965148029498106
2021-10-21 00:00:00+00:00,0.009107386528086438,-0.006478691347395538
2021-10-22 00:00:00+00:00,-0.006993625528078097,0.0032279728763622284
2021-10-25 00:00:00+00:00,0.0035347467039621165,-0.00276410123520765
2021-10-26 00:00:00+00:00,-0.0037446829702695084,0.004496896203262546
2021-10-27 00:00:00+00:00,0.013057565771147224,0.02255628292002898
2021-10-28 00:00:00+00:00,0.015632147789600995,0.010533934870908368
2021-10-29 00:00:00+00:00,0.0010518149685104555,0.004353238155506478
2021-11-01 00:00:00+00:00,-0.003951102286197293,-0.003669673952931163
2021-11-02 00:00:00+00:00,0.0010986611838650687,0.009374761113852381
2021-11-03 00:00:00+00:00,-0.0338194846003675,-0.005618054886193158
2021-11-04 00:00:00+00:00,7.008463612283122e-05,0.002797202797202747
2021-11-05 00:00:00+00:00,-0.0007023437385066339,0.005640940663103944
2021-11-08 00:00:00+00:00,0.016333882034594557,0.007593494037116066
2021-11-09 00:00:00+00:00,0.016844949110388294,-0.004136088908876512
2021-11-10 00:00:00+00:00,0.019091561724146888,0.002408484433800817
2021-11-11 00:00:00+00:00,0.009796414759959078,-0.0018225007167138596
2021-11-12 00:00:00+00:00,0.026215081523846953,0.007535815639210908
2021-11-15 00:00:00+00:00,-0.008659755929394334,0.0021718916497552865
2021-11-16 00:00:00+00:00,-0.011199529761399204,-0.006853721801201362
2021-11-17 00:00:00+00:00,0.020491640113212996,0.006410037846499961
2021-11-18 00:00:00+00:00,-0.02068331237742452,-0.004079005318968765
2021-11-19 00:00:00+00:00,-0.008554097732859232,-0.011892531789390648
2021-11-22 00:00:00+00:00,-0.02044180639056327,-0.0035115502461526837
2021-11-23 00:00:00+00:00,0.026127110274865504,0.01131801692865797
2021-11-24 00:00:00+00:00,-0.007692938250856611,0.017244795474265828
2021-11-25 00:00:00+00:00,0.0019352679510899714,0.008019504725059967
2021-11-26 00:00:00+00:00,0.007458389937680679,-0.0051838673782823586
2021-11-29 00:00:00+00:00,-0.00741570995390589,-0.005485489240001917
2021-11-30 00:00:00+00:00,0.005741352347660135,-0.004310228711510877
2021-12-01 00:00:00+00:00,-0.007745959399296401,0.004565623224479953
2021-12-02 00:00:00+00:00,-0.018704339690188244,-0.0021142076098008555
2021-12-03 00:00:00+00:00,-0.05180050346413622,-0.026132721568098205
2021-12-06 00:00:00+00:00,-0.050866570160129874,-0.020605271180334284
2021-12-07 00:00:00+00:00,0.007522809695730715,0.023479392747492334
2021-12-08 00:00:00+00:00,-0.0005102609320565627,0.004216288698272619
2021-12-09 00:00:00+00:00,0.02255784337905864,0.010400104620509776
2021-12-10 00:00:00+00:00,0.0010585673231072773,-0.0030245643673619815
2021-12-13 00:00:00+00:00,0.006761375510850047,0.008657091709143527
2021-12-14 00:00:00+00:00,-0.014094108307811862,-0.000128707975152631
2021-12-15 00:00:00+00:00,-0.017083351048784143,-0.000352298749339397
2021-12-16 00:00:00+00:00,0.00043956604077322075,0.000752287360216819
2021-12-17 00:00:00+00:00,0.0068928848834718115,0.002153581514414915
2021-12-20 00:00:00+00:00,-0.021285738277714277,-0.0016623980429655294
2021-12-21 00:00:00+00:00,-0.015993764321050142,0.0009544245361565729
2021-12-22 00:00:00+00:00,0.027224249459138816,-0.0007235890014470892
2021-12-23 00:00:00+00:00,-0.009236890027372198,-0.01401530788335692
2021-12-24 00:00:00+00:00,0.006140109110254484,0.01377525807160107
2021-12-27 00:00:00+00:00,0.03280130117176817,0.00802285667860514
2021-12-28 00:00:00+00:00,0.005458528817480372,0.003700768362796092
2021-12-29 00:00:00+00:00,0.011816952761726777,-0.005734781415828616
2021-12-30 00:00:00+00:00,-0.004470038693100149,0.00010095435517087914
2021-12-31 00:00:00+00:00,-0.025629926776251085,0.008284151093225223
2022-01-04 00:00:00+00:00,-0.0022194233516022966,0.01822089329097354
2022-01-05 00:00:00+00:00,0.031239157350233193,-0.0020189042855831563
2022-01-06 00:00:00+00:00,-0.01528249060545486,0.003986863711001654
2022-01-07 00:00:00+00:00,0.024602579263052805,-5.8878559699548916e-05
2022-01-10 00:00:00+00:00,-0.0042579369262547555,-0.016205642206636672
2022-01-11 00:00:00+00:00,0.0025818215087805908,-0.007581249044031124
2022-01-12 00:00:00+00:00,-0.02512155019857473,0.012195857429086576
2022-01-13 00:00:00+00:00,-0.028454689632300505,-0.009572925700591206
2022-01-14 00:00:00+00:00,-0.013226631598993437,-2.0052805721704203e-05
2022-01-17 00:00:00+00:00,-0.022342934724351206,-0.02886325049130367
2022-01-18 00:00:00+00:00,-0.028978360696783622,-0.009567467856061107
2022-01-19 00:00:00+00:00,-0.01860110780034078,0.002675580635745689
2022-01-20 00:00:00+00:00,-0.0007664143971527506,0.015601716119463038
2022-01-21 00:00:00+00:00,0.018325306850978204,0.005179826656657394
2022-01-24 00:00:00+00:00,-0.050591905185928904,-0.02252714051965865
2022-01-25 00:00:00+00:00,-0.011832337585193892,0.0276930770780226
2022-01-26 00:00:00+00:00,0.002381183692319857,0.0013517349518106236
2022-01-27 00:00:00+00:00,-0.012384234199597693,-0.007303014349545722
2022-01-28 00:00:00+00:00,0.0015065307876343196,0.005575348799260249
2022-02-07 00:00:00+00:00,0.0290101429935077,0.01264402012224819
2022-02-08 00:00:00+00:00,0.0494374579772996,0.0022234686110331747
2022-02-09 00:00:00+00:00,0.04566834728461776,0.0029247363406819105
2022-02-10 00:00:00+00:00,0.003458321591255481,0.0009366405824442481
2022-02-11 00:00:00+00:00,0.01104539997175778,-0.0033714054380503677
2022-02-14 00:00:00+00:00,-0.0027677903634267414,-0.01981074907938285
2022-02-15 00:00:00+00:00,-1.5039510080941348e-05,0.014124025109377936
2022-02-16 00:00:00+00:00,-0.015132970163942855,-0.0004354379500921546
2022-02-17 00:00:00+00:00,0.009580687084753289,0.010649420280142152
2022-02-18 00:00:00+00:00,0.0281830865435474,-0.0020888732683904676
2022-02-21 00:00:00+00:00,0.007584271234334563,0.003987134844900542
2022-02-22 00:00:00+00:00,0.012043611898646521,-0.004878081067485551
2022-02-23 00:00:00+00:00,0.021762786199101384,0.005873080274298781
2022-02-24 00:00:00+00:00,0.01594354017310946,-0.011538715863254723
2022-02-25 00:00:00+00:00,-0.0016525345911399983,0.0027026123022377835
2022-02-28 00:00:00+00:00,-0.014317573991342196,-0.005844324800352241
2022-03-01 00:00:00+00:00,-0.002515227423809112,0.005804862662988963
2022-03-02 00:00:00+00:00,0.01085709013708451,-0.008847195719184908
2022-03-03 00:00:00+00:00,0.0051060326068921805,0.013113253271581637
2022-03-04 00:00:00+00:00,0.0021988273275462484,0.00021926910299008284
2022-03-07 00:00:00+00:00,-0.007657054055636689,-0.004171842718872276
2022-03-08 00:00:00+00:00,-0.04305576460109891,-0.016904039224842293
2022-03-09 00:00:00+00:00,-0.0021520726942308222,2.035678661327367e-05
2022-03-10 00:00:00+00:00,0.020914001203526735,0.0036234342557031063
2022-03-11 00:00:00+00:00,-0.005260105734769468,-0.008478243232279525
2022-03-14 00:00:00+00:00,-0.02065874133566386,-0.013835285774680517
2022-03-15 00:00:00+00:00,0.02151041103412337,0.0044874675885910875
2022-03-16 00:00:00+00:00,0.02779670745977001,0.004536255627297425
2022-03-17 00:00:00+00:00,0.022754132460523425,0.001377344397771596
2022-03-18 00:00:00+00:00,0.002154501665272956,0.005310194752761177
2022-03-21 00:00:00+00:00,0.009868559986484692,0.017595806956640203
2022-03-22 00:00:00+00:00,0.004319867932309517,0.0059065520585972475
2022-03-23 00:00:00+00:00,0.01990037782490677,-0.0009575868810597354
2022-03-24 00:00:00+00:00,0.015234948961887306,-0.0027157634090817506
2022-03-25 00:00:00+00:00,0.025243735705461012,0.00016018581554599898
2022-03-28 00:00:00+00:00,0.014504635384791135,-0.010223556890223473
2022-03-29 00:00:00+00:00,-0.011299808964420984,0.009830229641715649
2022-03-30 00:00:00+00:00,0.004377600978641478,-0.004840561905779306
2022-03-31 00:00:00+00:00,-0.010430031199467314,0.0011002945300602196
2022-04-01 00:00:00+00:00,0.010803967982967792,0.01627852427704979
2022-04-04 00:00:00+00:00,-0.013746492966804077,0.005446967898499189
2022-04-05 00:00:00+00:00,-0.0012830408767258662,-0.0030628976192038637
2022-04-06 00:00:00+00:00,0.007183112777157447,0.0018881206291980757
2022-04-07 00:00:00+00:00,-0.01839631463127982,-0.013493991726311716
2022-04-08 00:00:00+00:00,-0.012036767011020612,-0.013545445468765571
2022-04-12 00:00:00+00:00,-0.019785993185268972,-0.018049932523616752
2022-04-13 00:00:00+00:00,0.04068069093630304,0.015083319017350938
2022-04-14 00:00:00+00:00,0.03736956619662665,-0.0034389385323586596
2022-04-15 00:00:00+00:00,0.0033322824064060024,-0.009211205608238404
2022-04-18 00:00:00+00:00,-0.018459436207443454,-0.01779837648091276
2022-04-19 00:00:00+00:00,0.013037954625273641,-0.018253525059332643
2022-04-20 00:00:00+00:00,-0.027601908093720064,-0.015450247075971424
2022-04-21 00:00:00+00:00,-0.011668285810513587,-0.01047865272401638
2022-04-22 00:00:00+00:00,-0.049602160649444116,0.006582932543186759
2022-04-25 00:00:00+00:00,-0.058242559211885654,-0.04952763498473778
2022-04-26 00:00:00+00:00,0.00524270045612655,0.023205077350257675
2022-04-27 00:00:00+00:00,0.02381402611320697,0.00926685255043469
2022-04-28 00:00:00+00:00,0.013563912802578263,-0.0020535246016679665
2022-04-29 00:00:00+00:00,0.04700717945081084,0.011702529256323091
2022-05-04 00:00:00+00:00,0.0006221514935034902,-0.013257243195785695
2022-05-05 00:00:00+00:00,-0.015566614782307324,0.008897588753447705
2022-05-06 00:00:00+00:00,-0.021107937617258352,-0.02309139547873129
2022-05-09 00:00:00+00:00,-0.05785860892906032,-0.04486706889547576
2022-05-10 00:00:00+00:00,-0.01280903541102422,0.018856035664214454
2022-05-11 00:00:00+00:00,0.004173387619605013,0.006161291320077922
2022-05-12 00:00:00+00:00,-0.05709683253654369,-0.048166388788579595
2022-05-13 00:00:00+00:00,-0.05637476638158591,-0.04526008201220488
2022-05-16 00:00:00+00:00,-0.04207586281168652,-0.00914801694327716
2022-05-17 00:00:00+00:00,0.0522951349946646,0.048141985579589486
2022-05-18 00:00:00+00:00,0.00800191896750719,0.010086537443929844
2022-05-19 00:00:00+00:00,-0.0033685930490981496,0.0007092427222026298
2022-05-20 00:00:00+00:00,0.006157402093429538,-0.0007490093746980175
2022-05-23 00:00:00+00:00,-0.019694435337231836,-0.017651183596489206
2022-05-24 00:00:00+00:00,0.010891394841687389,0.011954283276310651
2022-05-25 00:00:00+00:00,0.01836625435100587,0.028417843649159114
2022-05-26 00:00:00+00:00,0.02017327151571324,0.00011037266542102131
2022-05-27 00:00:00+00:00,-0.00045432036790428725,0.013306321290902368
2022-05-30 00:00:00+00:00,-0.001970389883226535,0.006589132210510051
2022-05-31 00:00:00+00:00,-0.0061822118272905685,-0.0009583281810312538
2022-06-01 00:00:00+00:00,8.022833519428646e-05,0.005291332735092968
2022-06-02 00:00:00+00:00,-0.022008888099204045,-0.008387712386111912
2022-06-03 00:00:00+00:00,-0.005215313517224915,-0.0004966553367167226
2022-06-06 00:00:00+00:00,-0.02029614358902255,0.0015761114303016743
2022-06-07 00:00:00+00:00,-0.022911090751365597,0.0010387516375840455
2022-06-08 00:00:00+00:00,0.03241851238586787,0.012823789057962776
2022-06-09 00:00:00+00:00,0.003705867341895578,-8.41036462754241e-05
2022-06-10 00:00:00+00:00,-0.033973628096055475,-0.018137329866952157
2022-06-13 00:00:00+00:00,-0.02520906595471787,-0.04442090835461965
2022-06-14 00:00:00+00:00,0.026788660599842414,0.0026649497978876724
2022-06-15 00:00:00+00:00,0.017966617063137003,-0.01331371768090961
2022-06-16 00:00:00+00:00,0.03308035243511695,0.018699595528572477
2022-06-17 00:00:00+00:00,0.010603419759409118,-0.015631191221303187
2022-06-20 00:00:00+00:00,-0.025148012313245385,-0.030312987759796184
2022-06-21 00:00:00+00:00,-0.03475538966301571,-0.006718061674008902
2022-06-22 00:00:00+00:00,-0.03311536994725465,-0.0027292809197677625
2022-06-23 00:00:00+00:00,0.032065629343740874,0.016771147810172193
2022-06-24 00:00:00+00:00,0.0010026099500245282,-0.0028598344660522024
2022-06-27 00:00:00+00:00,0.002570680505818932,0.01462698653709893
2022-06-28 00:00:00+00:00,-0.014215063252047487,0.012703480154969027
2022-06-29 00:00:00+00:00,0.008470403816543513,-8.209506608625183e-06
2022-06-30 00:00:00+00:00,-0.01626107831430832,-0.01682141713666474
2022-07-01 00:00:00+00:00,0.026568470859580272,0.0010855043420174848
2022-07-04 00:00:00+00:00,0.034353877274570545,-0.0028109100008342214
2022-07-05 00:00:00+00:00,-0.008474662744342706,-0.011911035273058812
2022-07-06 00:00:00+00:00,-0.01888022235516582,-0.026818139491572857
2022-07-07 00:00:00+00:00,0.01439828055870581,0.014674541801132701
2022-07-08 00:00:00+00:00,0.017805341777855446,0.0041406625060009805
2022-07-11 00:00:00+00:00,-0.013949565109472184,-0.013676994134772191
2022-07-12 00:00:00+00:00,0.014121490923608978,0.016904846402201912
2022-07-13 00:00:00+00:00,0.02180443985339988,-0.0007660748029484354
2022-07-14 00:00:00+00:00,0.010729346723911844,0.00702773613193397
2022-07-15 00:00:00+00:00,-0.0023400293859452406,-0.002470033920671355
2022-07-18 00:00:00+00:00,-0.0048048863591310656,-0.0023404706381174867
2022-07-19 00:00:00+00:00,-0.004070916761549355,0.0015639741944257768
2022-07-20 00:00:00+00:00,0.016523598274268594,0.013417293966885513
2022-07-21 00:00:00+00:00,0.006215488210921631,0.0036260404977639382
2022-07-22 00:00:00+00:00,-0.015531844958757835,-0.003095613573973477
2022-07-25 00:00:00+00:00,-0.015374923184647497,-0.00523954601761023
2022-07-26 00:00:00+00:00,-0.008679673728269595,-0.0028859907446361355
2022-07-27 00:00:00+00:00,0.011383935810265365,0.005037677099243076
2022-07-28 00:00:00+00:00,0.01624743931242318,0.014340408382589986
2022-07-29 00:00:00+00:00,0.002913808381109292,-0.0014816408965996342
2022-08-01 00:00:00+00:00,0.04276512744103285,0.02074059336997336
2022-08-02 00:00:00+00:00,0.009510966373323609,0.008340439355179363
2022-08-03 00:00:00+00:00,0.018011299576289764,0.006555951096148593
2022-08-04 00:00:00+00:00,0.005125877493477625,0.0035126744334912363
2022-08-05 00:00:00+00:00,0.008288484850907723,-0.0011242674321254587
2022-08-08 00:00:00+00:00,-0.0030970943665325165,0.0032009834442900953
2022-08-09 00:00:00+00:00,-0.0006627976540378903,0.0016709767256812835
2022-08-10 00:00:00+00:00,0.01952834800028245,-0.0018667831751201236
2022-08-11 00:00:00+00:00,-0.008093308923059938,-0.0035256665340230864
2022-08-12 00:00:00+00:00,0.018217166419551047,0.008194430023880539
2022-08-15 00:00:00+00:00,-0.004655134695964585,0.009403246377730268
2022-08-16 00:00:00+00:00,0.0025541292934721863,0.00038455501491130306
2022-08-17 00:00:00+00:00,-0.0014058957157245808,0.00046285763597420093
2022-08-18 00:00:00+00:00,-0.007839583498252574,-0.0012703092654161585
2022-08-19 00:00:00+00:00,0.016588651455565796,-0.003517422231992806
2022-08-22 00:00:00+00:00,0.009746423468684156,-0.006894215162545847
2022-08-23 00:00:00+00:00,0.013366417328830251,0.008235284783764119
2022-08-24 00:00:00+00:00,0.008825836382536869,0.0049968130562398905
2022-08-25 00:00:00+00:00,5.260025643785237e-06,0.009176610604779478
2022-08-26 00:00:00+00:00,0.01318065636987646,-0.004895723418782305
2022-08-29 00:00:00+00:00,-0.010774533648263647,-0.009176887031506986
2022-08-30 00:00:00+00:00,-0.003956974104766817,0.006759521561221282
2022-08-31 00:00:00+00:00,0.006642971219263656,0.0008754171910050346
2022-09-05 00:00:00+00:00,0.010079071472784466,-0.002467766749185918
2022-09-06 00:00:00+00:00,-0.0025779275527722523,3.914353935896564e-05
2022-09-07 00:00:00+00:00,-0.014868074409832644,-0.026796618130577765
2022-09-08 00:00:00+00:00,-0.011918022374656525,-0.006893666996468872
2022-09-09 00:00:00+00:00,0.018468430675633914,0.011485501376964358
2022-09-12 00:00:00+00:00,0.003355112533368924,0.0006726565127563866
2022-09-13 00:00:00+00:00,0.003966762208426625,-0.0009762967942252843
2022-09-14 00:00:00+00:00,0.002214277514207017,-0.006111823133611138
2022-09-15 00:00:00+00:00,-0.005215571461055352,0.003941101090451982
2022-09-16 00:00:00+00:00,-0.02302595950022674,-0.009336416036478723
2022-09-19 00:00:00+00:00,-0.028469945912078656,-0.02317609782582264
2022-09-20 00:00:00+00:00,0.021276382568360497,0.01119932306313931
2022-09-21 00:00:00+00:00,-0.003724238022527564,-0.006874882068699684
2022-09-22 00:00:00+00:00,0.017254206033901796,0.003428193796208401
2022-09-23 00:00:00+00:00,-0.0149274870913227,-0.009401498312340606
2022-09-26 00:00:00+00:00,-0.031464684457148125,-0.02404261684728415
2022-09-27 00:00:00+00:00,-0.01851915555274623,-0.006650487503725433
2022-09-28 00:00:00+00:00,-0.004054789785320282,-0.01964784748058368
2022-09-29 00:00:00+00:00,-0.03219695701035179,-0.015346006540634116
2022-09-30 00:00:00+00:00,0.012699203410651394,0.005363787331160497
2022-10-03 00:00:00+00:00,-0.043343765864886884,-0.04034060294494335
2022-10-04 00:00:00+00:00,-0.011210744445169653,-0.007639630352343385
2022-10-05 00:00:00+00:00,0.032481094537056276,0.02422690930676885
2022-10-06 00:00:00+00:00,-0.04438180700363085,-0.026932063101081316
2022-10-07 00:00:00+00:00,-0.04041455952310682,-0.035932323269925126
2022-10-10 00:00:00+00:00,0.04303280108566885,0.00634224980934639
2022-10-11 00:00:00+00:00,-0.02883657671510013,-0.034801626889724435
2022-10-12 00:00:00+00:00,0.03341125603244342,0.028433710991850436
2022-10-13 00:00:00+00:00,-0.0016698925398810995,0.01563572056706075
2022-10-14 00:00:00+00:00,0.006224205285882411,0.01033311449205021
2022-10-17 00:00:00+00:00,0.0014123186403052598,-0.009671799218345378
2022-10-18 00:00:00+00:00,0.009445423171983429,0.01148747598851263
2022-10-19 00:00:00+00:00,-0.003255150853068042,-0.0033751386721322385
2022-10-20 00:00:00+00:00,0.0015708558985248508,-0.001528200967860549
2022-10-21 00:00:00+00:00,-0.025935116223864404,-0.036496764136236926
2022-10-24 00:00:00+00:00,-0.021268683769805823,-0.03301563020925269
2022-10-25 00:00:00+00:00,0.01824636302706835,0.01171221416620205
2022-10-26 00:00:00+00:00,0.009011858812873804,-0.004350005011526492
2022-10-27 00:00:00+00:00,0.047764012926751025,0.034881613916404985
2022-10-28 00:00:00+00:00,0.006025746526237804,-0.0006322895691677211
2022-10-31 00:00:00+00:00,0.009399702690968034,0.0005645538078182799
2022-11-01 00:00:00+00:00,0.030373544660242353,0.00565208086075053
2022-11-02 00:00:00+00:00,-0.012311704194681956,-0.010215235792019328
2022-11-03 00:00:00+00:00,0.0022564041242064316,-0.003303394286496286
2022-11-04 00:00:00+00:00,-0.025659606247233197,-0.022219825261568293
2022-11-07 00:00:00+00:00,-0.03165546178960318,-0.02202276487990762
2022-11-08 00:00:00+00:00,-0.014250646178602099,0.006624350126641865
2022-11-09 00:00:00+00:00,-0.01430144882011074,0.004013650486425879
2022-11-10 00:00:00+00:00,-0.03131255826635677,-0.03891070323359613
2022-11-11 00:00:00+00:00,-0.013656231559038345,0.007696043241417039
2022-11-14 00:00:00+00:00,-0.024252096431639877,-0.014132609766062898
2022-11-15 00:00:00+00:00,-0.030622685637188563,-0.03096574003230468
2022-11-16 00:00:00+00:00,0.010765355852910061,0.03399495558723542
2022-11-17 00:00:00+00:00,0.0200112046996598,0.027956305016438643
2022-11-18 00:00:00+00:00,0.020001110804303484,7.222004415741168e-05
2022-11-21 00:00:00+00:00,-0.009448496088018007,-0.008954638771110024
2022-11-22 00:00:00+00:00,-0.006357231681178377,-0.008879404569822502
2022-11-23 00:00:00+00:00,0.00841830762983537,-0.006427761206570626
2022-11-24 00:00:00+00:00,0.007781990366811809,0.0018076109936575602
2022-11-25 00:00:00+00:00,0.01405146157889647,0.025060408774836285
2022-11-28 00:00:00+00:00,0.032251594273009415,0.03523562472978825
2022-11-29 00:00:00+00:00,0.01461271186818324,0.026320237846652494
2022-11-30 00:00:00+00:00,0.012411332352487406,0.0157533715702991
2022-12-01 00:00:00+00:00,0.028743666131876604,-0.011579328894908647
2022-12-02 00:00:00+00:00,0.01452230864285755,0.042199019570000385
2022-12-05 00:00:00+00:00,0.025798735044523846,0.01264803103674983
2022-12-06 00:00:00+00:00,-0.04646036536444439,-0.041127579617252
2022-12-07 00:00:00+00:00,-0.00857847906549613,-0.007313886849307338
2022-12-08 00:00:00+00:00,0.0034615058707951193,0.00913527117634616
2022-12-09 00:00:00+00:00,0.020161098407587525,0.0012184326006872137
2022-12-12 00:00:00+00:00,0.010246991366623388,-0.01876764814938059
2022-12-13 00:00:00+00:00,0.0044241195303764405,0.014902089974517363
2022-12-14 00:00:00+00:00,0.002898304632174564,0.002845004534822726
2022-12-15 00:00:00+00:00,-0.009494466397229904,0.004655236426986953
2022-12-16 00:00:00+00:00,0.004460253064853483,-0.002691126861994353
2022-12-19 00:00:00+00:00,0.014205008285944213,-0.013377926421404562
2022-12-20 00:00:00+00:00,-0.03170571354259812,-0.014705315870570224
2022-12-21 00:00:00+00:00,-0.0037351148999355604,-0.004153919834234188
2022-12-22 00:00:00+00:00,-0.0026928718565355334,0.0036608825376884813
2022-12-23 00:00:00+00:00,0.020543948996862085,-0.002219810093779584
2022-12-26 00:00:00+00:00,-0.02269178245958324,-0.034429699903953614
2022-12-27 00:00:00+00:00,0.004425986800137929,0.019650632859999462
2022-12-28 00:00:00+00:00,-0.0024474877990864293,0.011039549259882264
2022-12-29 00:00:00+00:00,-0.003711948705942438,-0.006271783864679081
2022-12-30 00:00:00+00:00,0.0002673922915138921,-0.0021797501213723924
2023-01-03 00:00:00+00:00,0.034956845636050726,0.03655085444200634
2023-01-04 00:00:00+00:00,-0.017492076329073195,0.002346968100392477
2023-01-05 00:00:00+00:00,0.0012506059805859017,0.009050508911931932
2023-01-06 00:00:00+00:00,-0.013777034091535785,-0.004148434392225786
2023-01-09 00:00:00+00:00,0.012708949652844394,0.0026344822338888463
2023-01-10 00:00:00+00:00,-0.0035455558123035752,-0.0008157767427743323
2023-01-11 00:00:00+00:00,-0.002036222452225611,0.0022879384819860515
2023-01-12 00:00:00+00:00,0.004096027330398607,0.0005967265287565304
2023-01-13 00:00:00+00:00,0.006202098429408117,0.0035782239513815206
2023-01-16 00:00:00+00:00,-0.01114469766877281,0.0061405246328418706
2023-01-17 00:00:00+00:00,0.01549058263572641,0.020259121760977994
2023-01-18 00:00:00+00:00,0.03385985147199152,0.009179538542116505
2023-01-19 00:00:00+00:00,0.004180394368968548,0.008923043304075451
2023-01-27 00:00:00+00:00,0.0021809736281317026,0.008140206483286283
2023-01-30 00:00:00+00:00,0.006606917923509566,-0.013006892847551632
2023-01-31 00:00:00+00:00,0.010303054326030282,0.007809027998222362
2023-02-01 00:00:00+00:00,-0.02002755893940659,-0.03168703540380502
2023-02-02 00:00:00+00:00,-0.017368661958597313,0.0015056181863806195
2023-02-03 00:00:00+00:00,-0.0001440201965188715,-0.00040831856271850153
2023-02-06 00:00:00+00:00,0.00978349257935193,0.011270482291231287
2023-02-07 00:00:00+00:00,-0.039190093187491955,-0.0215277841529804
2023-02-08 00:00:00+00:00,-0.015003894664071246,0.005985889064024752
2023-02-09 00:00:00+00:00,-0.006977216152442351,-0.007638357799705342
2023-02-10 00:00:00+00:00,-0.024778751703097478,-0.008204655883762735
2023-02-13 00:00:00+00:00,-0.037512284326432194,-0.010992134937932274
2023-02-14 00:00:00+00:00,-0.0038699951335678406,-0.004848136437673567
2023-02-15 00:00:00+00:00,-0.0024124445321072104,0.009204344142339949
2023-02-16 00:00:00+00:00,0.019180377856420225,0.009626025567639696
2023-02-17 00:00:00+00:00,0.0053291555344505545,0.0009638189910137207
2023-02-20 00:00:00+00:00,0.020424424291856237,0.025847013622074755
2023-02-21 00:00:00+00:00,0.018098807851602013,-0.00410420635139741
2023-02-22 00:00:00+00:00,-0.030671639905267292,-0.02582630309638434
2023-02-23 00:00:00+00:00,0.006863439548634186,-0.0005880790681791481
2023-02-24 00:00:00+00:00,-0.023872546147400867,-0.01338192585843645
2023-02-27 00:00:00+00:00,-0.006838837617804743,-0.017613220978106026
2023-02-28 00:00:00+00:00,-0.00055047965701906,0.0033586291309670724
2023-03-01 00:00:00+00:00,0.02464922686175876,0.015487762033024932
2023-03-02 00:00:00+00:00,0.002726022691722337,-0.0028254288597376886
2023-03-03 00:00:00+00:00,-0.0041674819062992915,-0.012374591609564223
2023-03-06 00:00:00+00:00,0.009059376677985216,0.0023517472213276935
2023-03-07 00:00:00+00:00,0.010596051232972886,0.010377927919157148
2023-03-08 00:00:00+00:00,0.0178068755950839,0.010926539736375585
2023-03-09 00:00:00+00:00,0.004267078998576833,0.006452658266455691
2023-03-10 00:00:00+00:00,-0.01236311240426001,-0.002793692883185761
2023-03-13 00:00:00+00:00,-0.006340375857209481,-0.00018993352326690527
2023-03-14 00:00:00+00:00,-0.009014444767823522,-0.01203457446808498
2023-03-15 00:00:00+00:00,0.021173961032676637,0.021208887350619543
2023-03-16 00:00:00+00:00,0.0011009391074291832,-0.013924062550014549
2023-03-17 00:00:00+00:00,0.009115928596666907,-0.002157723887721952
2023-03-20 00:00:00+00:00,-0.02542369499058827,-0.021088083893067044
2023-03-21 00:00:00+00:00,0.0035910628762315295,0.009119343172710348
2023-03-22 00:00:00+00:00,0.010269097108369062,0.007855254109237375
2023-03-23 00:00:00+00:00,0.007302083062111577,0.004382339938877822
2023-03-24 00:00:00+00:00,0.014431865118887839,0.0016170701368289908
2023-03-27 00:00:00+00:00,0.013686259682042947,0.005215945891726248
2023-03-28 00:00:00+00:00,-0.007419930336660065,0.0019387027797577172
2023-03-29 00:00:00+00:00,-0.007769729216441938,0.0019349514839370752
2023-03-30 00:00:00+00:00,-0.022310515433953453,0.002944155708916929
2023-03-31 00:00:00+00:00,0.008475309801728191,0.0049082534168995995
2023-04-03 00:00:00+00:00,0.0357914036347779,0.013751127141568897
2023-04-04 00:00:00+00:00,0.030696979972403747,-0.0007690312059891458
2023-04-05 00:00:00+00:00,0.0157035144530031,0.0022346886735591376
2023-04-06 00:00:00+00:00,-0.005472365461962437,-0.00920563255185669
2023-04-07 00:00:00+00:00,0.016977382518773013,-0.0011205423424938132
2023-04-10 00:00:00+00:00,-0.0042353061833766475,-0.00407587103046636
2023-04-11 00:00:00+00:00,0.02074456579429253,0.003857887079363742
2023-04-12 00:00:00+00:00,0.0029364785234799523,-9.350513343164835e-06
2023-04-13 00:00:00+00:00,-0.008830907551186285,-0.004815559399691471
2023-04-14 00:00:00+00:00,-0.009442166322306666,-0.010720661467631176
2023-04-17 00:00:00+00:00,0.015377612540275152,0.0008737854856630811
2023-04-18 00:00:00+00:00,0.021270729498998907,0.0011482145737846672
2023-04-19 00:00:00+00:00,0.022788416860881813,-0.005725009952417981
2023-04-20 00:00:00+00:00,-0.011321035735111772,0.0002573928959559435
2023-04-21 00:00:00+00:00,-0.0066354462943460785,-0.006042411246128143
2023-04-24 00:00:00+00:00,-0.018200233769687928,-0.0014862260405981154
2023-04-25 00:00:00+00:00,-0.026192185869421843,-0.0062514404240607835
2023-04-26 00:00:00+00:00,0.01467925857772812,0.005749625549596571
2023-04-27 00:00:00+00:00,0.00018016288528658085,-0.0011241352805532179
2023-04-28 00:00:00+00:00,0.01340241143339822,0.009128247549608837
2023-05-04 00:00:00+00:00,-0.010001854569619356,-0.008111560164709486
2023-05-05 00:00:00+00:00,0.016311723028624582,-0.0002882924438549761
2023-05-08 00:00:00+00:00,0.001017199038206654,0.012621237900241278
2023-05-09 00:00:00+00:00,-0.007538740317290717,0.00031325941676785263
2023-05-10 00:00:00+00:00,-0.0013237961083721547,0.0042608918454691835
2023-05-11 00:00:00+00:00,0.01676362337706106,-0.0010772399977322378
2023-05-12 00:00:00+00:00,0.017082328487328848,0.009251551384894974
2023-05-15 00:00:00+00:00,-0.013379766348854693,-0.0011153810104039819
2023-05-16 00:00:00+00:00,0.009473393947034872,0.0001876683150201508
2023-05-17 00:00:00+00:00,-0.011692303497593797,-0.005131765346042427
2023-05-18 00:00:00+00:00,0.007731877210517006,0.007421447700954209
2023-05-19 00:00:00+00:00,-0.018481592573177944,-0.0011607117784163679
2023-05-22 00:00:00+00:00,0.009871422535445458,0.0033456099412412232
2023-05-23 00:00:00+00:00,0.005809219424170363,-0.004473959500859492
2023-05-24 00:00:00+00:00,0.006976747127159475,-0.0038091663930196473
2023-05-25 00:00:00+00:00,0.00897624774479589,0.0026747285244730357
2023-05-26 00:00:00+00:00,-0.009334061423344739,-0.0008171853132075135
2023-05-29 00:00:00+00:00,0.01687688506248984,0.010547491915469775
2023-05-30 00:00:00+00:00,0.026581768826113607,0.002855867085899133
2023-05-31 00:00:00+00:00,-0.010056601254891781,-0.0026714901906218502
2023-06-01 00:00:00+00:00,0.012172838703477736,0.0029948752290336333
2023-06-02 00:00:00+00:00,-0.0016267609053178316,0.011544988362280684
2023-06-05 00:00:00+00:00,-0.012272946066123485,0.006398738586777197
2023-06-06 00:00:00+00:00,0.021526067200725873,0.009555300504636488
2023-06-07 00:00:00+00:00,0.0004049290694441932,0.0011097978002545528
2023-06-08 00:00:00+00:00,-0.010838734584828775,-0.007408475584476437
2023-06-09 00:00:00+00:00,0.020552072979673715,0.005638688119711022
2023-06-12 00:00:00+00:00,0.00766570222120211,0.0076657065722824935
2023-06-13 00:00:00+00:00,-0.007333150626901842,0.005770505904912238
2023-06-14 00:00:00+00:00,-0.018815987064062546,-0.004490137733193178
2023-06-15 00:00:00+00:00,0.002781145864319685,-0.00040271339335262724
2023-06-16 00:00:00+00:00,0.0020135359272099463,-0.0015667385874285067
2023-06-19 00:00:00+00:00,-0.0006355686017357568,-0.008805437492154011
2023-06-20 00:00:00+00:00,0.014080052560322326,0.005717387371087401
2023-06-21 00:00:00+00:00,0.0322895862102722,0.006062677652646453
2023-06-22 00:00:00+00:00,0.002266158838898829,0.0061155517407862625
2023-06-23 00:00:00+00:00,0.018589516712605676,0.003625699813383232
2023-06-26 00:00:00+00:00,-0.02245850675716276,0.002346420159733631
2023-06-27 00:00:00+00:00,-0.011520364415103118,0.002031748275222345
2023-06-28 00:00:00+00:00,0.0006629526977578318,0.003543942239030873
2023-06-29 00:00:00+00:00,-0.024051414269231648,-0.01138489919620489
2023-06-30 00:00:00+00:00,0.009414487816322023,-0.00462950621562308
2023-07-03 00:00:00+00:00,0.010737037260678829,0.0047492367298112015
2023-07-04 00:00:00+00:00,0.02376106374902723,0.005775211017325699
2023-07-05 00:00:00+00:00,-0.006177800729283897,0.002314487632508744
2023-07-06 00:00:00+00:00,-0.011021681730445331,-0.007403359715146829
2023-07-07 00:00:00+00:00,0.025151263230707967,0.01052192289250753
2023-07-10 00:00:00+00:00,0.010000630671929701,0.00962155227710082
2023-07-11 00:00:00+00:00,0.020446765147166965,0.0023933438930567874
2023-07-12 00:00:00+00:00,-0.0034618289059518037,0.002109796226677174
2023-07-13 00:00:00+00:00,0.008464416128064046,0.009721018887541177
2023-07-14 00:00:00+00:00,0.010998702965550921,0.0025570180707383816
2023-07-17 00:00:00+00:00,-0.016275936524984384,0.004048271140020487
2023-07-18 00:00:00+00:00,-0.004689336589777856,0.0008183236299470487
2023-07-19 00:00:00+00:00,0.0016040086101512198,-0.0009454130432929864
2023-07-20 00:00:00+00:00,0.004592908847282677,-0.0001449300073318449
2023-07-21 00:00:00+00:00,0.010411181076193095,0.011161228161424397
2023-07-24 00:00:00+00:00,-0.02146435841861099,0.0040644236444893345
2023-07-25 00:00:00+00:00,0.0064996513536666745,0.004350309056705193
2023-07-26 00:00:00+00:00,-0.002226580069953803,0.004130780165565451
2023-07-27 00:00:00+00:00,-0.012534289816073633,-0.0029229539322473963
2023-07-28 00:00:00+00:00,0.023981015039383782,0.008635881503010978
2023-07-31 00:00:00+00:00,-0.00578978968219917,0.012611060968642063
2023-08-01 00:00:00+00:00,-0.03494404151931732,-0.004366669392427913
2023-08-02 00:00:00+00:00,0.02498823544635529,0.002357173363119802
2023-08-03 00:00:00+00:00,0.00922472111053354,-0.0077677539883483915
2023-08-04 00:00:00+00:00,0.0031731465076901776,0.012411742846525353
2023-08-07 00:00:00+00:00,0.006831126774042582,0.012594006427511184
2023-08-08 00:00:00+00:00,-0.014844739160933316,0.0006524786132009464
2023-08-09 00:00:00+00:00,-0.00440266480183032,-0.006633232171176062
2023-08-10 00:00:00+00:00,-0.014676949535491472,-0.010842875550045039
2023-08-11 00:00:00+00:00,0.0067886474818817065,0.009503444998812283
2023-08-14 00:00:00+00:00,0.016316738060145046,0.0037574764041843345
2023-08-15 00:00:00+00:00,0.013112830351222404,-0.0022557485204229843
2023-08-16 00:00:00+00:00,0.015473186837806078,0.007463230825331291
2023-08-17 00:00:00+00:00,8.723584855222608e-05,-0.007866415713527308
2023-08-18 00:00:00+00:00,-0.04546046505017499,-0.04498654214093456
2023-08-21 00:00:00+00:00,0.003814082130627918,0.0015025594444775248
2023-08-22 00:00:00+00:00,0.01785313392967086,0.0006187699193056506
2023-08-23 00:00:00+00:00,-0.0008260601978216717,-0.00671754949216008
2023-08-24 00:00:00+00:00,0.03604549847335192,0.014353210070273681
2023-08-25 00:00:00+00:00,0.007710800520062017,-0.0050614180378179
2023-08-28 00:00:00+00:00,0.011789833480922102,0.01550656176850862
2023-08-29 00:00:00+00:00,-1.985837941596762e-05,0.002255101021868766
2023-08-30 00:00:00+00:00,0.020181660658686443,0.007248241906960162
2023-08-31 00:00:00+00:00,0.006585027551175936,0.008976557090573323
2023-09-05 00:00:00+00:00,-0.001870933912425328,0.008929373800089957
2023-09-06 00:00:00+00:00,0.011488086768825451,0.008518356572576158
2023-09-07 00:00:00+00:00,0.0006032648605403178,-0.0018948213568846795
2023-09-08 00:00:00+00:00,-0.004777479304550857,-0.001335328281609538
2023-09-11 00:00:00+00:00,-0.004626520712194153,-0.014378000451074402
2023-09-12 00:00:00+00:00,0.036197271760514634,0.017824015429500628
2023-09-13 00:00:00+00:00,0.004001283131604467,-0.005660650051387384
2023-09-14 00:00:00+00:00,-0.017090323444078192,-0.011773350883001465
2023-09-15 00:00:00+00:00,-0.0007203283829563191,0.002900777081409567
2023-09-18 00:00:00+00:00,-0.014557816125568274,-0.012669469430321989
2023-09-19 00:00:00+00:00,0.0029317547802785054,-0.00025581568067600813
2023-09-20 00:00:00+00:00,0.03176053211459523,0.012059430458109643
2023-09-21 00:00:00+00:00,-0.013888016226216741,-0.010904404988133165
2023-09-22 00:00:00+00:00,-0.028744943675621713,-0.016235961541633093
2023-09-25 00:00:00+00:00,-0.04995224090307215,-0.033401785340094636
2023-09-26 00:00:00+00:00,-0.020241458074015964,-0.013215400624349671
2023-09-27 00:00:00+00:00,0.03922370064462568,0.01396358395725672
2023-09-28 00:00:00+00:00,0.01171657720455116,-0.0012306625644580294
2023-09-29 00:00:00+00:00,-0.0018023799138940676,0.0014924984597763924
2023-10-02 00:00:00+00:00,0.0038466294382865918,0.0009530823549797063
2023-10-03 00:00:00+00:00,-0.03257088548985681,-0.032157541657649946
2023-10-04 00:00:00+00:00,0.02305987542990791,0.0094535372506932
2023-10-05 00:00:00+00:00,-0.012460282559520485,-0.013095058786004699
2023-10-06 00:00:00+00:00,0.016373657226811684,0.013152106581439726
2023-10-09 00:00:00+00:00,0.014163944718423464,0.00781540751767773
2023-10-10 00:00:00+00:00,-0.0035321659760008755,0.005565520151930903
2023-10-11 00:00:00+00:00,0.02226538296589426,0.006225463193697545
2023-10-12 00:00:00+00:00,-0.0015383555471453574,0.0006951625376907522
2023-10-13 00:00:00+00:00,0.019744508732876063,0.0027092505275223555
2023-10-16 00:00:00+00:00,-0.009977540177707486,-0.011526504031245333
2023-10-17 00:00:00+00:00,-0.03433558310453411,-0.017320530567188186
2023-10-18 00:00:00+00:00,-0.005672079269747687,-0.016270672669727593
2023-10-19 00:00:00+00:00,-0.02760246183989264,-0.014092804060177766
2023-10-20 00:00:00+00:00,0.01558214377397648,0.018550351610975735
2023-10-23 00:00:00+00:00,-0.0029949392790885663,-0.013086288277393221
2023-10-24 00:00:00+00:00,0.00981790849007743,0.01131198961162494
2023-10-25 00:00:00+00:00,-0.003084975587036818,-0.003833981372637685
2023-10-26 00:00:00+00:00,-0.0430652573330761,-0.04194579089737305
2023-10-27 00:00:00+00:00,0.000975059105340553,0.004898384575299453
2023-10-30 00:00:00+00:00,-0.00957336968696483,-0.01717863136655895
2023-10-31 00:00:00+00:00,-0.014471389798839707,-0.013632003069838916
2023-11-01 00:00:00+00:00,0.0018973508722860302,0.01115552572968026
2023-11-02 00:00:00+00:00,0.03029490446374577,0.03444395283073298
2023-11-03 00:00:00+00:00,0.002970891255196961,0.0012180720987102767
2023-11-06 00:00:00+00:00,0.011018023846336563,0.011961589182562848
2023-11-07 00:00:00+00:00,-0.008005456447227366,-0.008599012536020467
2023-11-08 00:00:00+00:00,0.02632175204007886,0.03067694785659425
2023-11-09 00:00:00+00:00,0.025434092925726768,0.0004131377814502457
2023-11-10 00:00:00+00:00,-0.004743075420629602,-0.010961585075725644
2023-11-13 00:00:00+00:00,-0.006758872033916978,-0.00146140440055198
2023-11-14 00:00:00+00:00,0.008351564112251776,0.008781259374403438
2023-11-15 00:00:00+00:00,0.00745790104667674,0.01150730357834795
2023-11-16 00:00:00+00:00,-0.005756103185860274,0.002699331848552422
2023-11-17 00:00:00+00:00,-0.028890019770589713,-0.021625367604595103
2023-11-20 00:00:00+00:00,-0.0024924998677529203,0.0022430279969851696
2023-11-21 00:00:00+00:00,0.002479531362527344,0.00616131779714757
2023-11-22 00:00:00+00:00,-0.011080171828215093,0.0030257731030383095
2023-11-23 00:00:00+00:00,-0.02104405829413646,-0.022741556086261605
2023-11-24 00:00:00+00:00,-0.0006918009648852575,0.006541171714944394
2023-11-27 00:00:00+00:00,0.007798225804908501,-0.00689113827000476
2023-11-28 00:00:00+00:00,0.015662720901421796,0.006773523518923685
2023-11-29 00:00:00+00:00,0.00492119741264001,0.006727951580657754
2023-11-30 00:00:00+00:00,0.003452411595214135,-0.007861806311207697
2023-12-01 00:00:00+00:00,0.0028763366232787643,0.007339164450293811
2023-12-04 00:00:00+00:00,0.016243058508553978,0.016630979168178683
2023-12-05 00:00:00+00:00,-0.01858494894931105,-0.004033949432837414
2023-12-06 00:00:00+00:00,0.018506298440397438,0.00937301181931427
2023-12-07 00:00:00+00:00,-0.004128462930932531,-0.004385536606802076
2023-12-08 00:00:00+00:00,-0.010292201426985519,0.00263042916120515
2023-12-11 00:00:00+00:00,0.01818740536803826,0.0009426914730887859
2023-12-12 00:00:00+00:00,0.003204246407563057,0.0018924922256775556
2023-12-13 00:00:00+00:00,0.004268915223124917,-0.011909934996408467
2023-12-14 00:00:00+00:00,-0.008498587687676213,-0.0036528450906478938
2023-12-15 00:00:00+00:00,-0.0066219264463282836,-0.007053228000324374
2023-12-18 00:00:00+00:00,-0.002763836154117517,-0.009452961988569264
2023-12-19 00:00:00+00:00,-0.013599649981478038,0.0040480638898046095
2023-12-20 00:00:00+00:00,0.005041541271421182,0.004068229499224696
2023-12-21 00:00:00+00:00,0.01929905409527356,0.001517133616773858
2023-12-22 00:00:00+00:00,-0.0005202332361555708,0.0005714648549113299
2023-12-25 00:00:00+00:00,0.009426884374909874,0.013235907384911094
2023-12-26 00:00:00+00:00,6.519704194175578e-05,0.004106794552905191
2023-12-27 00:00:00+00:00,-0.00027347001661062775,-0.00023167743372687344
2023-12-28 00:00:00+00:00,-0.007741929805256111,0.006185438372890983
2023-12-29 00:00:00+00:00,-0.008073157182584226,0.0008857945133888823
2024-01-02 00:00:00+00:00,0.005770304739313513,0.0015841689308186968
2024-01-03 00:00:00+00:00,0.022196679393666936,0.01100095429965009
2024-01-04 00:00:00+00:00,-0.00507109244783436,0.00572467378099395
2024-01-05 00:00:00+00:00,-0.004051148697428206,0.0034413236929922153
2024-01-08 00:00:00+00:00,0.0077547761562901845,0.004771884851214159
2024-01-09 00:00:00+00:00,0.009732705881240443,-0.001379084460303992
2024-01-10 00:00:00+00:00,-0.02019374713419567,0.0025461983963266377
2024-01-11 00:00:00+00:00,0.019802218183373473,0.0005854296881726562
2024-01-12 00:00:00+00:00,-0.013814295200550669,-0.006470375660374117
2024-01-15 00:00:00+00:00,-0.018780208021887165,-0.0005022949683901601
2024-01-16 00:00:00+00:00,0.018118737061666012,0.007798149239247154
2024-01-17 00:00:00+00:00,-0.002195608332311793,-0.0005072563450030376
2024-01-18 00:00:00+00:00,0.0008488272244336258,0.005617059344705133
2024-01-19 00:00:00+00:00,0.005632654318525284,0.01064102783432852
2024-01-22 00:00:00+00:00,0.017374651156411024,0.001151079136690658
2024-01-23 00:00:00+00:00,0.010190572434009807,-0.004531390020796944
2024-01-24 00:00:00+00:00,-0.013528984793860603,-0.0038471337579617515
2024-01-25 00:00:00+00:00,-0.00028968362293106746,-0.002216595479850425
2024-01-26 00:00:00+00:00,0.0002670294364733525,0.004528482445722348
2024-01-29 00:00:00+00:00,-0.0027382974941881446,1.701157637779005e-05
2024-01-30 00:00:00+00:00,0.005209875874142321,0.0033682348238055493
2024-01-31 00:00:00+00:00,-0.016918036927186544,-0.013003857076251513
2024-02-01 00:00:00+00:00,0.004917337164328504,0.007480825553332071
2024-02-02 00:00:00+00:00,-0.0061046878390240275,-0.0004006751803038444
2024-02-05 00:00:00+00:00,-0.01175222886039608,0.011521896720822156
2024-02-06 00:00:00+00:00,0.0023282984498634767,0.0020403689526669044
2024-02-07 00:00:00+00:00,-0.0030679420802337317,0.008456179321486124
2024-02-15 00:00:00+00:00,0.0032726983472372234,0.00331239101232339
2024-02-16 00:00:00+00:00,-0.014786495043002404,0.0059875259875259434
2024-02-19 00:00:00+00:00,0.0025030221783131396,0.012622964371331813
2024-02-20 00:00:00+00:00,0.010977396563826562,0.0041552038009093906
2024-02-21 00:00:00+00:00,0.0035691765183703626,-1.62593694615909e-05
2024-02-22 00:00:00+00:00,-0.0020355698199452195,-0.0022194400182108387
2024-02-23 00:00:00+00:00,-0.012048830686910946,-0.012474435961574493
2024-02-26 00:00:00+00:00,0.03343708440411506,0.01004125412541268
2024-02-27 00:00:00+00:00,0.012792565402417267,0.010856335312905863
2024-02-28 00:00:00+00:00,-0.00245544043465711,0.013810547411633456
2024-02-29 00:00:00+00:00,-0.008550611147498876,-0.0014507193814514707
2024-03-01 00:00:00+00:00,0.011346381538239724,0.004430324172008282
2024-03-04 00:00:00+00:00,0.006655784812035893,0.002487522649966767
2024-03-05 00:00:00+00:00,0.01469439380749957,0.006793984509398054
2024-03-06 00:00:00+00:00,-0.013039008194400474,-0.005708751318918459
2024-03-07 00:00:00+00:00,-0.00027923192911974366,0.004537787175405761
2024-03-08 00:00:00+00:00,-0.006480575685043061,-0.01664222758305356
2024-03-11 00:00:00+00:00,0.011891781180326046,-0.009508157293462105
2024-03-12 00:00:00+00:00,0.028781443830395576,0.0076973508486510855
2024-03-13 00:00:00+00:00,0.016790660067783004,0.02048995983935753
2024-03-14 00:00:00+00:00,-0.010720768330198522,-0.004919284381862399
2024-03-15 00:00:00+00:00,0.01377326920127869,-0.00037966873902517406
2024-03-18 00:00:00+00:00,-0.02562289988689415,-0.015999620187057917
2024-03-19 00:00:00+00:00,-0.004063021659520338,-0.0008845572388946898
2024-03-20 00:00:00+00:00,0.007865968331943213,0.014181543067784741
2024-03-21 00:00:00+00:00,0.0012327353030629022,0.012967430639324595
2024-03-22 00:00:00+00:00,0.017394001915109723,0.004214913586436886
2024-03-25 00:00:00+00:00,-0.01019703572168542,-0.010875331564986768
2024-03-26 00:00:00+00:00,0.009875408257439171,0.011318284353162067
2024-03-27 00:00:00+00:00,-0.002250116489492162,0.0006863150341986923
2024-03-28 00:00:00+00:00,0.009539022524427721,0.005525723059177645
2024-03-29 00:00:00+00:00,-0.004068959679338745,-0.004720271590010761
2024-04-01 00:00:00+00:00,0.0009753882789421437,-0.002001417346136125
2024-04-02 00:00:00+00:00,0.003404994250016989,0.004307384980335893
2024-04-03 00:00:00+00:00,-0.007777010825916666,-0.01209752610641468
2024-04-04 00:00:00+00:00,0.005512530951580013,-0.002532501749943017
2024-04-05 00:00:00+00:00,-0.019018720840034982,-0.010360733293908964
2024-04-08 00:00:00+00:00,-0.01646401934572685,-0.00379249627522682
2024-04-09 00:00:00+00:00,0.010962900140834363,0.00997320750189945
2024-04-10 00:00:00+00:00,-0.010065422067818665,-0.003373402385138058
2024-04-11 00:00:00+00:00,0.02152587889916476,-0.00028604118993125205
2024-04-12 00:00:00+00:00,0.008645078226568353,0.014624066126212032
2024-04-15 00:00:00+00:00,-0.05197692986695059,-0.046992010026633224
2024-04-16 00:00:00+00:00,0.005731803515617791,-0.0007644191647281362
2024-04-17 00:00:00+00:00,-0.032884307957078286,-0.018647999473545673
2024-04-19 00:00:00+00:00,-0.04641086836131156,-0.015222001492024462
2024-04-22 00:00:00+00:00,0.028911098476005537,0.013082521172915751
2024-04-23 00:00:00+00:00,-0.03401530762743237,-0.010771117944581632
2024-04-24 00:00:00+00:00,0.0401605247482122,0.023959571938168667
2024-04-25 00:00:00+00:00,-0.0029478134048888604,-0.0005308516020934295
2024-04-26 00:00:00+00:00,-0.0006193189210737671,0.0037760276189449105
2024-05-02 00:00:00+00:00,0.012803929311529818,0.0056551359216878705
2024-05-03 00:00:00+00:00,-0.0008692362978263806,0.0038393238843763555
2024-05-06 00:00:00+00:00,0.033308314671828,0.016830053315643356
2024-05-07 00:00:00+00:00,0.016285481265347835,0.005678248683129716
2024-05-08 00:00:00+00:00,0.002775488340411316,0.001465606304509759
2024-05-09 00:00:00+00:00,-0.0023109042802781253,-0.0014554643891047103
2024-05-10 00:00:00+00:00,0.002218326169859944,-0.0031554331112250145
2024-05-13 00:00:00+00:00,-0.018153455048846644,-0.0036313971238048914
2024-05-14 00:00:00+00:00,0.004331084744532628,0.002499637149445899
2024-05-15 00:00:00+00:00,0.006547423381752217,0.008936040151856561
2024-05-16 00:00:00+00:00,0.002505040581270468,0.011471711349739566
2024-05-17 00:00:00+00:00,0.008047891523735326,0.003412727186746345
2024-05-20 00:00:00+00:00,-0.005744667695921278,0.0035110870231165325
2024-05-21 00:00:00+00:00,0.0186245432530278,-0.0003444011333927355
2024-05-22 00:00:00+00:00,-0.018367159665686087,-0.008010085033747338
2024-05-23 00:00:00+00:00,0.005607782895842727,0.011145227364216748
2024-05-24 00:00:00+00:00,-0.036002963353072855,-0.01490987720818393
2024-05-27 00:00:00+00:00,0.013980866050185356,0.004556512643332011
2024-05-28 00:00:00+00:00,0.016575024800979336,0.011083238672220164
2024-05-29 00:00:00+00:00,-0.0007311951558531081,-0.0070919772494986155
2024-05-30 00:00:00+00:00,0.002880750989700706,-0.004966054815187415
2024-05-31 00:00:00+00:00,-0.007640190575599405,-0.003632573125276317
2024-06-03 00:00:00+00:00,0.008409308783556972,0.014488159021018854
2024-06-04 00:00:00+00:00,0.0040495860835663595,0.00275000000000003
2024-06-05 00:00:00+00:00,-0.010289693508614712,0.0006466591872349436
2024-06-06 00:00:00+00:00,-0.009149144575547784,-0.0006150971308443998
2024-06-07 00:00:00+00:00,0.015087455810646931,0.0031319143631773905
2024-06-10 00:00:00+00:00,0.009843769128931413,0.002399850883052057
2024-06-11 00:00:00+00:00,-0.013239249938846093,-0.004850194085242565
2024-06-12 00:00:00+00:00,0.0059326479018587605,0.012285796591431142
2024-06-13 00:00:00+00:00,0.0009846833176130317,0.001015236234704009
2024-06-14 00:00:00+00:00,-0.035830451331316605,-0.016596107598097487
2024-06-17 00:00:00+00:00,-0.009887299565349018,-0.004015907368486893
2024-06-18 00:00:00+00:00,0.015003179669781647,0.0037104732618433722
2024-06-19 00:00:00+00:00,0.01579462312425107,0.00022665103556063215
2024-06-20 00:00:00+00:00,0.023640613140442444,0.0019612592690987363
2024-06-21 00:00:00+00:00,0.0003887745522838614,-0.0002183576386181052
2024-06-24 00:00:00+00:00,-0.048023356803714654,-0.021762531005756647
2024-06-25 00:00:00+00:00,0.0038248811677650306,0.001945587344113875
2024-06-26 00:00:00+00:00,0.0009218252967969714,0.003724454065066496
2024-06-27 00:00:00+00:00,-0.002131999271965843,-0.001704671593035445
2024-06-28 00:00:00+00:00,-0.031627399680895465,-0.010936469990231013
2024-07-01 00:00:00+00:00,0.0020906618110700494,0.00741977965502838
2024-07-02 00:00:00+00:00,0.01944483204268824,0.012139714322152884
2024-07-03 00:00:00+00:00,0.016689718595736626,0.005559974483969832
2024-07-04 00:00:00+00:00,0.012802313738101678,0.0023808591455536376
2024-07-05 00:00:00+00:00,0.006101297716586904,0.0024611490049926132
2024-07-08 00:00:00+00:00,-0.020539261369525788,0.00040528744232437575
2024-07-09 00:00:00+00:00,0.012107943605885182,0.007907694225435469
2024-07-10 00:00:00+00:00,-0.01266425314307406,-0.006005982793670928
2024-07-11 00:00:00+00:00,0.00415411457108122,-0.0016641522932641095
2024-07-12 00:00:00+00:00,-0.00106809168914391,-0.002375759464090965
2024-07-15 00:00:00+00:00,-0.004788810283248077,-0.0007261370290845282
2024-07-16 00:00:00+00:00,0.0017563416612111345,0.0010626494350769455
2024-07-17 00:00:00+00:00,0.004457626098046336,-0.009772241215129762
2024-07-18 00:00:00+00:00,0.017069701257284776,0.0045559882080306036
2024-07-19 00:00:00+00:00,-0.00674205868572202,-0.007579799755186634
2024-07-22 00:00:00+00:00,0.003959563173959851,-0.008017204573127268
2024-07-23 00:00:00+00:00,-0.003943946867184494,-0.018196454759931258
2024-07-24 00:00:00+00:00,0.009050430111908111,0.005406677977934926
2024-07-25 00:00:00+00:00,0.0,-0.004263324908960198
2024-07-26 00:00:00+00:00,-0.0022423136252228983,0.00723327305605781
2024-07-29 00:00:00+00:00,-0.0016855146714304704,0.0036148167231566664
2024-07-30 00:00:00+00:00,-0.0038584086361014673,-0.001235360179688727
2024-07-31 00:00:00+00:00,0.011172416520193736,0.005180473230205873
2024-08-01 00:00:00+00:00,-0.02798297741306197,-0.019616303505365473
2024-08-02 00:00:00+00:00,0.004020348542229088,0.007856816848144987
2024-08-05 00:00:00+00:00,-0.031009103153531614,-0.039244703218502375
2024-08-06 00:00:00+00:00,0.01576704262078005,0.018694184686087523
2024-08-07 00:00:00+00:00,0.013270236194725435,0.004627028456225091
2024-08-08 00:00:00+00:00,-0.011232351004478629,-0.006217718853834375
2024-08-09 00:00:00+00:00,0.008713637555336653,0.012678760593220373
2024-08-12 00:00:00+00:00,0.001277748371168811,0.0054264326108985905
2024-08-13 00:00:00+00:00,0.009971226644939914,0.00011379523360544042
2024-08-14 00:00:00+00:00,-0.04061021420289966,-4.8763836738796584e-05
2024-08-15 00:00:00+00:00,-0.016753472745656226,-0.0055268376735264635
2024-08-16 00:00:00+00:00,0.054017641748905956,0.023431625747817986
2024-08-19 00:00:00+00:00,0.008726680363730248,0.007498622457535742
2024-08-20 00:00:00+00:00,0.0257037388585142,0.008663464434615964
2024-08-21 00:00:00+00:00,0.008222207977280849,0.009036973006954607
2024-08-22 00:00:00+00:00,-0.0043019031568200475,-0.0009890580584868136
2024-08-23 00:00:00+00:00,-0.005828632744389725,0.0019800745256395302
2024-08-26 00:00:00+00:00,-0.008425545543734226,-0.004123486758161321
2024-08-27 00:00:00+00:00,-0.005772557299633,0.00042186840830615857
2024-08-28 00:00:00+00:00,0.009217834418935126,0.0006871993502843843
2024-08-29 00:00:00+00:00,-9.351539125351158e-05,2.341116244219954e-05
2024-08-30 00:00:00+00:00,-0.005430146044123846,0.0018728491498043454
2024-09-04 00:00:00+00:00,-0.010526538065964349,-0.006285683129911845
2024-09-05 00:00:00+00:00,-0.0012311709264366294,-0.00594920833986512
2024-09-06 00:00:00+00:00,0.0022892270463327298,0.004533949424779804
2024-09-09 00:00:00+00:00,0.000977047548377073,-0.00489026343056298
2024-09-10 00:00:00+00:00,9.409976947968214e-05,-0.00986014372145494
2024-09-11 00:00:00+00:00,-0.0012752821769559711,-0.0015614668228133288
2024-09-12 00:00:00+00:00,-0.0075564550257294395,0.0024575709942789015
2024-09-13 00:00:00+00:00,0.0011609234185760795,-0.003693238349186001
2024-09-16 00:00:00+00:00,-0.00395235105068469,-0.009946393333919223
2024-09-17 00:00:00+00:00,0.007214682518208669,0.0158885141132612
2024-09-18 00:00:00+00:00,0.005737575413768412,0.004726160689463521
2024-09-19 00:00:00+00:00,0.007967152004756001,0.005035971223021463
2024-09-20 00:00:00+00:00,-0.003313624080725864,0.0006056935190792423
2024-09-23 00:00:00+00:00,-0.006211254203661889,-0.0027986541303731682
2024-09-24 00:00:00+00:00,0.0036511089914192637,0.006708816851664912
2024-09-25 00:00:00+00:00,0.004831252518733135,0.008214629715189714
2024-09-26 00:00:00+00:00,-0.000518051613982849,0.003114611489110519
2024-09-27 00:00:00+00:00,-0.01169291578024335,-0.0004413506879650253
2024-09-30 00:00:00+00:00,-0.01006153390513402,-0.0023084311963561532
2024-10-01 00:00:00+00:00,0.002040324280371874,0.00330760749724357
2024-10-02 00:00:00+00:00,-0.011787801745419315,-0.0033740906980344043
2024-10-03 00:00:00+00:00,-0.004592239187178312,-0.00756305131072188
2024-10-04 00:00:00+00:00,0.0003082750494550337,-0.0058680854393240445
2024-10-07 00:00:00+00:00,-0.0007931361788882194,-0.0005273099323153119
2024-10-08 00:00:00+00:00,0.00861108686850158,0.0016142622034285292
2024-10-09 00:00:00+00:00,0.00873684273956421,0.007759555967861154
2024-10-10 00:00:00+00:00,0.009778841041112958,0.0035183523813238082
2024-10-11 00:00:00+00:00,0.008311990600850812,0.0015780963338414278
2024-10-14 00:00:00+00:00,-0.004606095381399671,-0.001591133119630106
2024-10-15 00:00:00+00:00,-0.01470162439029315,-0.0040891210721892834
2024-10-16 00:00:00+00:00,-0.003845065124985748,-0.001248946201642287
2024-10-17 00:00:00+00:00,0.018263964037518003,0.005502235283083801
2024-10-18 00:00:00+00:00,-0.01239673786630903,-0.000823928116158279
2024-10-21 00:00:00+00:00,-0.010738015310396557,-0.004426431005243314
2024-10-22 00:00:00+00:00,-0.0025528610357799866,-0.007720137212155254
2024-10-23 00:00:00+00:00,0.007779772056187226,0.0007953444786557018
2024-10-24 00:00:00+00:00,-0.003962394751028642,-0.010614525139664766
2024-10-25 00:00:00+00:00,0.008405834606404771,-0.0037298892167233477
2024-10-28 00:00:00+00:00,-0.008293324380107209,0.0016364391084999763
2024-10-29 00:00:00+00:00,0.01732125251412745,0.005586681224447609
2024-10-30 00:00:00+00:00,0.0016194831259621059,-0.002496473236221708
2024-10-31 00:00:00+00:00,-0.002365588623703931,0.004647910823673218
2024-11-01 00:00:00+00:00,-0.0033905249651607523,-0.00758414526129314
2024-11-04 00:00:00+00:00,0.008154051671512362,-0.00811226482002414
2024-11-05 00:00:00+00:00,0.010302844888851252,0.0008435699881899072
2024-11-06 00:00:00+00:00,-0.0006216421514203158,0.012458258412535228
2024-11-07 00:00:00+00:00,0.01829711003397338,-0.0012130534060637022
2024-11-08 00:00:00+00:00,0.017307342304749965,-0.005707481643183243
2024-11-11 00:00:00+00:00,-0.010633026566234154,-0.001788337484831093
2024-11-12 00:00:00+00:00,0.02459404431439632,-0.004398873888284638
2024-11-13 00:00:00+00:00,-0.003340876678347373,0.0009800613743353725
2024-11-14 00:00:00+00:00,0.001196915064182959,-0.01135597573111602
2024-11-15 00:00:00+00:00,0.021265417768143065,-0.01081265372719975
2024-11-18 00:00:00+00:00,0.0003132304101696393,-0.0011899193316756707
2024-11-19 00:00:00+00:00,-0.012503489125168049,-0.009834691731299916
2024-11-20 00:00:00+00:00,-0.017033546474649438,0.009451105671492988
2024-11-21 00:00:00+00:00,0.02391077872953726,0.00969141992864997
2024-11-22 00:00:00+00:00,0.0034852705506725765,-0.00018724609836118233
2024-11-25 00:00:00+00:00,0.022360525173139998,0.0053741551990882375
2024-11-26 00:00:00+00:00,-0.007494772245794927,0.006017656110796299
2024-11-27 00:00:00+00:00,0.004512718061972678,-0.00012881099401840235
2024-11-28 00:00:00+00:00,0.011334838596307366,0.00011272413987439833
2024-11-29 00:00:00+00:00,0.008289462707713401,0.00672243199072553
2024-12-02 00:00:00+00:00,0.005966942438850922,0.0005997792812244551
2024-12-03 00:00:00+00:00,0.013852764380283149,-0.0011029323614741848
2024-12-04 00:00:00+00:00,0.01645897591594493,-0.007537025035404654
2024-12-05 00:00:00+00:00,-0.006538733400031248,0.021863738602558636
2024-12-06 00:00:00+00:00,-0.004122397310996557,0.002059122860997409
2024-12-09 00:00:00+00:00,0.01912981895699518,0.0029130647015287447
2024-12-10 00:00:00+00:00,-0.007254654740991908,-0.0013894994661809434
2024-12-11 00:00:00+00:00,-0.006568032246549078,-0.002523446036774679
2024-12-12 00:00:00+00:00,-0.018725159577397895,-0.001190044606970031
2024-12-13 00:00:00+00:00,0.007402987239505462,-0.0037716495048722987
2024-12-16 00:00:00+00:00,-0.005697395563732355,0.0009662830575729586
2024-12-17 00:00:00+00:00,0.010756840855751309,-0.0016379303523528232
2024-12-18 00:00:00+00:00,-0.0037929147525305315,0.0033921947817265874
2024-12-19 00:00:00+00:00,-0.004901314289370331,-0.008949447077409078
2024-12-20 00:00:00+00:00,0.011360286873327428,0.0022555731786046973
2024-12-23 00:00:00+00:00,-0.003443236402124131,0.004182902584493053
2024-12-24 00:00:00+00:00,0.0026814016636001105,-0.0019005986885869408
2024-12-25 00:00:00+00:00,-0.0077890664799661734,0.010854041702370809
2024-12-26 00:00:00+00:00,-0.010999202583128179,-0.0009183385137044864
2024-12-27 00:00:00+00:00,-0.01507394289702475,0.0017833714362034403
2024-12-30 00:00:00+00:00,0.001961940972727463,-0.002446790156375056
2024-12-31 00:00:00+00:00,-0.0021871911132923297,-0.004119432084401242
2025-01-02 00:00:00+00:00,0.021851714295857937,0.0023129509464943077
2025-01-03 00:00:00+00:00,-0.0047895324715557346,-0.011908231013381121
2025-01-06 00:00:00+00:00,0.013165468244798082,-0.006567882734598518
2025-01-07 00:00:00+00:00,0.009783307435135304,0.00048140570465760035
2025-01-08 00:00:00+00:00,-0.007742051974722133,0.0032639640723364227
2025-01-09 00:00:00+00:00,-0.007623310566267697,-0.004196575594315077
2025-01-10 00:00:00+00:00,-0.02066844208537842,-0.012273533637830347
2025-01-13 00:00:00+00:00,0.0255888509510445,0.0042016123789090365
2025-01-14 00:00:00+00:00,-0.010578112150083184,-0.005325132521345144
2025-01-15 00:00:00+00:00,0.006177670893341681,0.005784861724718704
2025-01-16 00:00:00+00:00,0.023950922942922514,0.004999271950686612
2025-01-17 00:00:00+00:00,0.01068011540245922,0.005433207765864978
2025-01-20 00:00:00+00:00,0.001957420395048089,0.00035225080257150765
2025-01-21 00:00:00+00:00,0.0019147075627243535,-0.0027689968388620034
2025-01-22 00:00:00+00:00,0.006652926204383822,-0.002856936497363738
2025-01-23 00:00:00+00:00,-0.0010695318773417237,0.013762243165155175
2025-01-24 00:00:00+00:00,0.010634522617687084,0.00430285083715054
2025-02-03 00:00:00+00:00,-0.015150220119060046,-0.00950160072724393
2025-02-04 00:00:00+00:00,0.006674711829229133,0.00929746294980971
2025-02-05 00:00:00+00:00,0.008041615687846813,0.0038982193123950903
2025-02-06 00:00:00+00:00,-0.009873834423517991,0.001472893250683338
2025-02-07 00:00:00+00:00,-0.0027670547029393497,0.0029257243527227583
2025-02-10 00:00:00+00:00,-0.031550461273083336,-0.00936323713927234
2025-02-11 00:00:00+00:00,0.013669587420225674,0.004108417902886297
2025-02-12 00:00:00+00:00,0.028037814550192653,-0.0012140801765934128
2025-02-13 00:00:00+00:00,8.205915491559722e-05,0.0027152678564379418
2025-02-14 00:00:00+00:00,-0.006976617084864069,0.004510567953713629
2025-02-17 00:00:00+00:00,-0.0014723454418522509,-0.0026330637577580696
2025-02-18 00:00:00+00:00,0.021036789963757744,0.004258595763404482
2025-02-19 00:00:00+00:00,-0.004634889762296061,0.008152471560235908
2025-02-20 00:00:00+00:00,-0.006497272709182389,0.0034301856335754444
2025-02-21 00:00:00+00:00,0.014515920230785746,0.0029157450231247495
2025-02-24 00:00:00+00:00,-0.000562095388890466,0.006022749180643938
2025-02-25 00:00:00+00:00,0.010495970030444765,-0.001073158766173976
2025-02-26 00:00:00+00:00,-0.0004542482627770188,-0.00015347309616631222
2025-02-27 00:00:00+00:00,-0.007454706741661352,0.003714619021305321
2025-02-28 00:00:00+00:00,0.016426145868622923,-0.0018657287046949245
2025-03-03 00:00:00+00:00,-0.01141671716852027,0.0030719495005209208
2025-03-04 00:00:00+00:00,0.017114960800522813,0.0019398642095054264
2025-03-05 00:00:00+00:00,0.0027179274074173774,-0.0054881813539038315
2025-03-06 00:00:00+00:00,0.025358159540275996,0.010354791486230752
2025-03-07 00:00:00+00:00,-0.009528441643221752,0.005939827949811072
2025-03-10 00:00:00+00:00,-0.012778195724279672,0.0031899249651219375
2025-03-11 00:00:00+00:00,0.006899969790887072,0.001698890459151503
2025-03-12 00:00:00+00:00,-0.008350341939907201,0.0014033349843156628
2025-03-13 00:00:00+00:00,-0.019268150848291764,-0.00610007419009162
2025-03-14 00:00:00+00:00,-0.0029934932549117214,-9.047931416672483e-05
2025-03-17 00:00:00+00:00,0.008776780071777244,0.007623571994118228
2025-03-18 00:00:00+00:00,-0.01057695154333723,-0.00395881041114754
2025-03-19 00:00:00+00:00,-0.004125452427196184,-0.004763443203077422
2025-03-20 00:00:00+00:00,0.011401697270761622,-0.0005284494538098095
2025-03-21 00:00:00+00:00,-0.0029647341858126098,-0.0015484202336981667
2025-03-24 00:00:00+00:00,0.008157892110701158,0.006384845825642138
2025-03-25 00:00:00+00:00,0.010802904436222092,0.001202718143003212
2025-03-26 00:00:00+00:00,0.006572743678654594,-0.004377139768154348
2025-03-27 00:00:00+00:00,-0.007814662903269268,-0.001719340316268081
2025-03-28 00:00:00+00:00,-0.0019169063002194664,-0.0047967608644744475
2025-03-31 00:00:00+00:00,0.004882388753966752,-0.008045785071273626
2025-04-01 00:00:00+00:00,0.004198280695721288,0.008011569716725564
2025-04-02 00:00:00+00:00,-0.0017395909238349817,0.0003795556162844438
2025-04-03 00:00:00+00:00,-0.03810955975299051,-0.06676885485988326
2025-04-04 00:00:00+00:00,-0.008707139469597374,-0.015587393482078826
2025-04-08 00:00:00+00:00,-0.03637493820253293,-0.06432801671801569
2025-04-09 00:00:00+00:00,-0.03533304781486768,-0.03397805418480038
2025-04-10 00:00:00+00:00,0.03378992500615007,0.06765969112674775
2025-04-11 00:00:00+00:00,0.03509926903768688,0.04632213225602144
2025-04-14 00:00:00+00:00,0.02155684238415635,0.015526070382670953
2025-04-15 00:00:00+00:00,0.0028001155568725374,-0.010995295785539483
2025-04-16 00:00:00+00:00,-0.020492837286012384,-0.014245107062282658
2025-04-17 00:00:00+00:00,0.031756373116155256,0.005742377922829167
2025-04-18 00:00:00+00:00,0.028891813758273554,0.0015362497432735989
2025-04-21 00:00:00+00:00,-0.01865870960723791,-0.009884178751886519
2025-04-22 00:00:00+00:00,-0.008621693549222407,-0.008234816539222978
2025-04-23 00:00:00+00:00,0.003679945325270694,0.01158604328686108
2025-04-24 00:00:00+00:00,0.0067566038508313055,0.010198183319570564
2025-04-25 00:00:00+00:00,0.014569110622692037,0.00480647402623946
2025-04-28 00:00:00+00:00,0.021045141146296648,-0.0019768472946478655
2025-04-29 00:00:00+00:00,-0.00349690696005588,-0.0004075643951744201
2025-05-05 00:00:00+00:00,0.0162174431965079,0.011212590720052207
2025-05-06 00:00:00+00:00,-0.0023527882111338333,0.0015321962824079716
2025-05-07 00:00:00+00:00,-0.0022312055624534467,0.006779661016949046
2025-05-08 00:00:00+00:00,0.01064142691064419,0.015539400337500231
2025-05-09 00:00:00+00:00,0.0003050675734726466,-0.001968813986454543
2025-05-12 00:00:00+00:00,0.007587909589869263,0.012593703148425783
2025-05-13 00:00:00+00:00,0.011217713469898406,0.00792512818914326
2025-05-14 00:00:00+00:00,0.016025743436930046,0.012602150870166806
2025-05-15 00:00:00+00:00,0.009844279152720417,0.0026494010215847297
2025-05-16 00:00:00+00:00,0.012039104650384302,-0.008993298812062123
2025-05-19 00:00:00+00:00,0.013225511858604672,-0.003918886728805471
2025-05-20 00:00:00+00:00,-0.0018407813049423458,0.01454921352475158
2025-05-21 00:00:00+00:00,-0.0010973096430177433,0.006006919362810281
2025-05-22 00:00:00+00:00,-0.01787825842029867,-0.006961188163712606
2025-05-23 00:00:00+00:00,0.02106334931057923,0.00047189916580414604
2025-05-26 00:00:00+00:00,0.024032823528829707,0.013731874686182977
2025-05-27 00:00:00+00:00,0.017549808990074047,0.005478382901441536
2025-05-28 00:00:00+00:00,-0.019873516433860455,0.0015375314410250862
2025-05-29 00:00:00+00:00,-0.01052719203454581,-7.452286734155322e-06
2025-05-30 00:00:00+00:00,-0.023793887926481412,-0.006900868943108818
2025-06-02 00:00:00+00:00,0.012621097428920352,0.0027765270898993943
2025-06-03 00:00:00+00:00,0.00042095707895360837,0.008194267754246809
2025-06-04 00:00:00+00:00,0.003144747453434421,-0.0011208016329560255
2025-06-05 00:00:00+00:00,0.002773494175023824,-0.0027122623983830696
2025-06-06 00:00:00+00:00,-0.0015582043271969636,-0.009090299458307416
2025-06-09 00:00:00+00:00,-0.022020644503974538,-0.014527517313462135
2025-06-10 00:00:00+00:00,0.02953502213114324,0.0043187315442898555
2025-06-11 00:00:00+00:00,0.024957424728532476,-0.0007825380062754794
2025-06-12 00:00:00+00:00,-0.00042950496050864315,0.005923053527980615
2025-06-13 00:00:00+00:00,-0.01465487586014135,-0.0056689770897738745
2025-06-16 00:00:00+00:00,0.02138498351224317,0.01719511360785697
2025-06-17 00:00:00+00:00,-0.008603633196208023,0.0071593516228114495
2025-06-18 00:00:00+00:00,-0.0054343372564349315,-0.0006381289465678952
2025-06-19 00:00:00+00:00,0.004775093000650683,0.0038683427010091087
2025-06-20 00:00:00+00:00,-0.002043097594642945,-0.001989586106919905
2025-06-23 00:00:00+00:00,0.020045903590454155,0.006543891503316468
2025-06-24 00:00:00+00:00,0.003150227176158018,0.006324640327497022
2025-06-25 00:00:00+00:00,-0.005287357728066597,-1.4633039940870063e-05
2025-06-26 00:00:00+00:00,-0.0029701360979234224,-0.0007901957197731235
2025-06-27 00:00:00+00:00,-0.013408116078151452,0.004225032401678375
2025-06-30 00:00:00+00:00,0.00697023238484128,0.003376013533220368
2025-07-01 00:00:00+00:00,-0.004854734062853974,0.0012862717739650087
2025-07-02 00:00:00+00:00,0.004430957316836644,0.0048989723044765565
2025-07-03 00:00:00+00:00,0.004973877812325846,-0.0018994792682309747
2025-07-04 00:00:00+00:00,-0.0092572919642288,0.0036252858259284704
2025-07-07 00:00:00+00:00,0.004684168047655183,0.010879831575304477
2025-07-08 00:00:00+00:00,0.005699713335355134,0.009557365590630917
2025-07-09 00:00:00+00:00,-0.011234289741795356,0.011204838003193274
2025-07-10 00:00:00+00:00,-0.0020193527112892825,0.010004750859346823
2025-07-11 00:00:00+00:00,-0.006317699425488576,0.008383829999169867
2025-07-14 00:00:00+00:00,0.0321833348112087,0.008684557128745496
2025-07-15 00:00:00+00:00,0.022494263945644754,-0.0066443601147970766
2025-07-16 00:00:00+00:00,0.03144925248345395,0.010146167802005834
2025-07-17 00:00:00+00:00,0.037084462732417285,0.00985448704480607
2025-07-18 00:00:00+00:00,0.028146268722257332,0.004879161884819627
2025-07-21 00:00:00+00:00,-0.03950347409436715,-0.008168144902756969
2025-07-22 00:00:00+00:00,0.02894938931416664,0.01649102723814022
2025-07-23 00:00:00+00:00,-0.011230067465365985,0.0018349960915244878
2025-07-24 00:00:00+00:00,0.008977437915159602,0.0057594011809747325
2025-07-25 00:00:00+00:00,0.01966736988007754,0.006646855399666141
2025-07-28 00:00:00+00:00,0.02886555086642313,0.017170325184667545
2025-07-29 00:00:00+00:00,-0.05902272096183033,-0.04110002439932714
2025-07-30 00:00:00+00:00,0.000914973862988393,0.00952183258448791
2025-07-31 00:00:00+00:00,0.019026512058986617,-0.003389425787494349
2025-08-01 00:00:00+00:00,-0.013473919168678508,-0.004865159864760549
2025-08-04 00:00:00+00:00,0.002624726537007503,0.02205710234682745
2025-08-05 00:00:00+00:00,-0.008188263351692569,0.012406834228728236
2025-08-06 00:00:00+00:00,0.012907555697822337,0.017167049090262676
2025-08-07 00:00:00+00:00,0.011373298399169215,0.005147072840612221
2025-08-08 00:00:00+00:00,0.03601175014871211,0.0019850677388562055
2025-08-11 00:00:00+00:00,0.011181682028678903,0.007514432631944068
2025-08-12 00:00:00+00:00,0.015700042244767752,0.007113961148754511
2025-08-13 00:00:00+00:00,0.02512989161457096,0.0021017025033887027
2025-08-14 00:00:00+00:00,0.019495350334245348,0.018050384710846412
2025-08-15 00:00:00+00:00,0.005042138277674455,-0.006515551383869056
2025-08-18 00:00:00+00:00,0.029095520458988108,0.003907975460122559
2025-08-19 00:00:00+00:00,-0.016733539459261,0.010896068737510589
2025-08-20 00:00:00+00:00,-0.01272189947871672,0.0061419417240962115
2025-08-21 00:00:00+00:00,-0.024949204148717114,0.014203657862481789
2025-08-22 00:00:00+00:00,-0.028875774354156697,-0.025195497630331687
2025-08-25 00:00:00+00:00,-0.027008303226556046,-0.019107002862404077
2025-08-26 00:00:00+00:00,0.02995826591204159,0.03320880033208806
2025-08-27 00:00:00+00:00,0.033253484366418444,0.0030882150117230722
2025-08-28 00:00:00+00:00,-0.009709313462330655,0.004830282523702989
2025-08-29 00:00:00+00:00,-0.004216173022969298,0.0008031602869960075
2025-09-03 00:00:00+00:00,0.04004921129363273,-0.0005409550531741969
2025-09-04 00:00:00+00:00,-0.004683440363315844,0.008915719978588088
2025-09-05 00:00:00+00:00,0.005173305070460463,-0.01728478031468672
2025-09-08 00:00:00+00:00,-0.021454817815008364,-0.025459366395316096
2025-09-09 00:00:00+00:00,0.016488333767483588,0.007873046358023439
2025-09-10 00:00:00+00:00,-0.0017237090763729248,0.0036278797058608703
2025-09-11 00:00:00+00:00,0.0014377832265367236,0.008817837712839172
2025-09-12 00:00:00+00:00,0.019335661229016147,0.005736691298446672
2025-09-15 00:00:00+00:00,0.02893984280087773,0.010580233436896513
2025-09-16 00:00:00+00:00,-0.009153689807203465,-0.002374028132233419
2025-09-17 00:00:00+00:00,-0.017469634937434954,-0.005907549527039091
2025-09-18 00:00:00+00:00,-0.003306504884351198,-0.0034650532325535277
2025-09-19 00:00:00+00:00,-0.01165546306516701,-0.003939514046529591
2025-09-22 00:00:00+00:00,-0.014474949524434271,-0.014572355331540554
2025-09-23 00:00:00+00:00,0.02230314604004957,0.0004955795527548101
2025-09-24 00:00:00+00:00,0.011303352426667222,0.0135758228049363
2025-09-25 00:00:00+00:00,0.0012026572882470256,0.005206762154139399
2025-09-26 00:00:00+00:00,-0.014259565535521504,-0.003235119351295501
2025-09-29 00:00:00+00:00,0.01191897313968031,0.0034804600469682256
2025-09-30 00:00:00+00:00,-0.012324397392080706,-0.0028683212519802215
2025-10-01 00:00:00+00:00,0.009150468655832269,0.0020160077029547363
2025-10-02 00:00:00+00:00,-0.010162112111153383,-0.007411188853187589
2025-10-03 00:00:00+00:00,-0.016283197211930833,-0.004168910456159969
2025-10-06 00:00:00+00:00,0.027787569767702414,0.03018556099694991
2025-10-07 00:00:00+00:00,-0.009490223623200393,-0.006015924506045489
2025-10-08 00:00:00+00:00,0.01791794633541524,0.0074348780632527145
2025-10-09 00:00:00+00:00,0.005584752466732071,0.010978719895395894
2025-10-10 00:00:00+00:00,0.01551431104517005,0.018106928754944684
2025-10-13 00:00:00+00:00,0.021575027048574877,0.010054075705988375
2025-10-14 00:00:00+00:00,0.004222740669642796,-0.002300126903553301
2025-10-15 00:00:00+00:00,-0.004199826896130238,-0.0017659818518391823
2025-10-16 00:00:00+00:00,-0.0013988809682220344,0.005062715094285908
2025-10-17 00:00:00+00:00,-0.008490153042263198,-0.02018281121770371
2025-10-20 00:00:00+00:00,-0.04701468932148385,-0.054736915069980796
2025-10-21 00:00:00+00:00,0.023710976846140458,0.016499330860470618
2025-10-22 00:00:00+00:00,-0.0016433096584954877,0.009059593731025606
2025-10-23 00:00:00+00:00,0.008365795739769569,0.005099791480488447
2025-10-24 00:00:00+00:00,-0.008369141278698788,-0.0022998589261792324
2025-10-27 00:00:00+00:00,-0.02184494290694473,-0.01820363835121619
2025-10-28 00:00:00+00:00,0.024327144451286344,0.016919408909920497
2025-10-29 00:00:00+00:00,-0.010725666193036158,0.0031716750966974683
2025-10-30 00:00:00+00:00,-0.02534600235286787,-0.009645100632922676
2025-10-31 00:00:00+00:00,-0.025784066505889023,-0.017920781997759816
2025-11-03 00:00:00+00:00,0.00304750105222917,-0.013813923703229425
2025-11-04 00:00:00+00:00,0.014428965821833771,0.021632653061224527
2025-11-05 00:00:00+00:00,0.0046296072228466205,0.0017615225365925635
2025-11-06 00:00:00+00:00,0.0018356375693163022,-0.007402304684903549
2025-11-07 00:00:00+00:00,-0.03466786725687174,-0.026506112112209768
2025-11-10 00:00:00+00:00,-0.023391814970178205,-0.011606528672378214
2025-11-11 00:00:00+00:00,0.011702913622626942,0.008269325673504024
2025-11-12 00:00:00+00:00,0.04100498270875545,0.02400210842050443
2025-11-13 00:00:00+00:00,0.012354257735183343,-0.0002573750199158509
2025-11-14 00:00:00+00:00,0.005302756925670192,0.002464080812043301
2025-11-17 00:00:00+00:00,0.006021435335838315,0.011593068616780666
2025-11-18 00:00:00+00:00,0.00461973732532238,0.003324427896181037
2025-11-19 00:00:00+00:00,-0.01104905786532068,-0.006578630295435928
2025-11-20 00:00:00+00:00,0.01590588279939871,0.004238932686476682
2025-11-21 00:00:00+00:00,-0.01234520200205632,-0.000640100483698558
2025-11-24 00:00:00+00:00,0.017049589929698218,0.007885529901566768
2025-11-25 00:00:00+00:00,-0.011152673325273274,-0.004568400100720682
2025-11-26 00:00:00+00:00,0.03169636480167405,0.012045580476523154
2025-11-27 00:00:00+00:00,0.005371352370968405,0.002356637863315081
2025-11-28 00:00:00+00:00,0.005822128899984213,0.003960055096418724
2025-12-01 00:00:00+00:00,0.011528473246920022,0.006315826823340309
2025-12-02 00:00:00+00:00,0.002892756681807152,0.009044056720750815
2025-12-03 00:00:00+00:00,-0.005630960855550077,0.008566969121638124
2025-12-04 00:00:00+00:00,-0.0030786443210025294,0.0031586180612899195
2025-12-05 00:00:00+00:00,0.029852579531834084,0.002348552876977328
2025-12-08 00:00:00+00:00,0.017792510655287457,0.00713252015712218
2025-12-09 00:00:00+00:00,0.01316719617541297,-0.003746279380067663
2025-12-10 00:00:00+00:00,-0.04001456804125021,-0.016134663484377643
2025-12-11 00:00:00+00:00,-0.019326017828877357,-0.01168134591443759
2025-12-12 00:00:00+00:00,-0.023148808038992476,-0.030613926658425994
2025-12-15 00:00:00+00:00,-0.012239855957725093,-0.000534340484185436
2025-12-16 00:00:00+00:00,0.022251952862216515,0.02015176092490334
2025-12-17 00:00:00+00:00,-0.0071175396118071405,-0.0032873188103716977
2025-12-18 00:00:00+00:00,0.004197815503908786,0.0019836764934335616
2025-12-19 00:00:00+00:00,0.020017807734241375,0.016297153215899973
2025-12-22 00:00:00+00:00,0.03545475775932678,0.027412853295468498
2025-12-23 00:00:00+00:00,0.026297478718123185,0.012061472390535899
2025-12-24 00:00:00+00:00,0.0005340891451189415,0.006020935022430285
2025-12-25 00:00:00+00:00,-0.037953442595395105,-0.022419537586520266
2025-12-26 00:00:00+00:00,-0.022900335902053707,-0.007487735605473778
2025-12-29 00:00:00+00:00,0.015753949021133844,0.014475661926234284
2025-12-30 00:00:00+00:00,0.01347994026928717,0.006872421417337238
2025-12-31 00:00:00+00:00,0.02391672974504959,0.009955288924104355
2026-01-05 00:00:00+00:00,-0.031085281644987445,0.002191102219681884
2026-01-06 00:00:00+00:00,-0.009892469189590226,0.015583762021919023
2026-01-07 00:00:00+00:00,0.01864944391078304,0.024946731488159735
2026-01-08 00:00:00+00:00,-0.039567090034440075,-0.003233812138076275
2026-01-09 00:00:00+00:00,-0.008081755892816532,0.0066502834723749515
2026-01-12 00:00:00+00:00,-0.0449691337339908,0.0050484501311631735
2026-01-13 00:00:00+00:00,0.029106084884679643,0.013636387848700027
2026-01-14 00:00:00+00:00,-0.04539193904321574,-0.004461540886948057
2026-01-15 00:00:00+00:00,-0.014317488191862422,-0.015645784506239324
2026-01-16 00:00:00+00:00,0.03456388404701909,0.007684470184470271
2026-01-19 00:00:00+00:00,0.0062471492972146336,0.009291533848110545
2026-01-20 00:00:00+00:00,0.003379088667401321,-0.001481606462124141
2026-01-21 00:00:00+00:00,-0.0014973012436215627,-0.004403890631435536
2026-01-22 00:00:00+00:00,0.008343808168503724,-0.0014373302783435848
2026-01-23 00:00:00+00:00,-0.0017740245735481802,-0.006341854647241019
2026-01-26 00:00:00+00:00,-0.007329079422831278,-0.014469822909038421
2026-01-27 00:00:00+00:00,-0.017772323572232587,-0.007170286160588346
2026-01-28 00:00:00+00:00,-0.040350565554591926,-0.0150723845943731
2026-01-29 00:00:00+00:00,0.017021961741384702,0.006694732404834314
2026-01-30 00:00:00+00:00,-0.00280337999739593,0.0077466418362737155
2026-02-02 00:00:00+00:00,0.007991331510668533,-0.012323404627564205
2026-02-03 00:00:00+00:00,0.006890859158355669,0.0038195405480210276
2026-02-04 00:00:00+00:00,-0.004848870949688369,-0.01211536340575714
2026-02-05 00:00:00+00:00,-0.017317301859845716,-0.004951351713435748
2026-02-06 00:00:00+00:00,-0.020869221878386857,-0.015186024593842551
2026-02-09 00:00:00+00:00,0.009239505992048843,-0.0003816598214744227
2026-02-10 00:00:00+00:00,-0.025995893905534397,-0.00045018862333456866
2026-02-11 00:00:00+00:00,0.031945491661342355,0.024412353266477727
2026-02-12 00:00:00+00:00,-0.00442868821315967,0.009594568272254245
2026-02-13 00:00:00+00:00,-0.0007389291235536741,0.005512405668957943
2026-02-23 00:00:00+00:00,0.021721499044177247,0.0197632792241611
2026-02-24 00:00:00+00:00,0.008683535736092674,0.0040212027051726995
2026-02-25 00:00:00+00:00,0.0023694823026435105,-0.0035928079587923545
2026-02-26 00:00:00+00:00,-0.007283630038604298,0.010064968214475778
2026-02-27 00:00:00+00:00,-0.022162143064470903,0.0003670915707261191
2026-03-02 00:00:00+00:00,0.0137688896360866,-0.018204251381406467
2026-03-03 00:00:00+00:00,-0.0001655207859175182,-0.01785385407074358
2026-03-04 00:00:00+00:00,0.0004598711617545765,0.0028293457758363783
2026-03-05 00:00:00+00:00,-0.017182331436657962,-0.005367739664626225
2026-03-06 00:00:00+00:00,-0.009841566472005365,-0.02248812558404434
2026-03-09 00:00:00+00:00,-0.05190320561498015,-0.06507941895194136
2026-03-10 00:00:00+00:00,-0.005564480925032688,0.014484598769353596
2026-03-11 00:00:00+00:00,0.02762985350785216,0.030780149457575012
2026-03-12 00:00:00+00:00,0.0013170895318832274,-0.01083698809262068
2026-03-13 00:00:00+00:00,-0.0030084515333414813,-0.007820497072431709
2026-03-16 00:00:00+00:00,-0.016205948098118785,-0.0017863038249303909
2026-03-17 00:00:00+00:00,-0.026609693206659447,0.010087348881709923
2026-03-18 00:00:00+00:00,0.017967037391974,0.0020698244157424384
2026-03-19 00:00:00+00:00,0.006334245980621268,-0.008577280126967013
2026-03-20 00:00:00+00:00,-0.024282180959156494,-0.03020369247791521
2026-03-23 00:00:00+00:00,-0.029027957517346555,-0.034372894933275
2026-03-24 00:00:00+00:00,0.030400152596921977,0.014831853290345975
2026-03-25 00:00:00+00:00,0.024174953296724262,0.02688927834923871
2026-03-26 00:00:00+00:00,-0.020771514861622282,-0.008177591228990644
2026-03-27 00:00:00+00:00,0.029392911338258575,0.01712847266558426
2026-03-30 00:00:00+00:00,-0.021929541627718277,-0.00613342898134861
2026-03-31 00:00:00+00:00,0.010503445789837706,0.0071877969853357815
2026-04-01 00:00:00+00:00,0.0004387655300072896,0.016984275809351024
2026-04-02 00:00:00+00:00,0.01280303425452074,-0.004762380133064847
2026-04-03 00:00:00+00:00,-0.0044607277432237484,-0.006360557463329419
2026-04-06 00:00:00+00:00,-0.023253041237952077,-0.005373981615638512
2026-04-07 00:00:00+00:00,0.0019744136383810004,0.0015223971486397758
2026-04-08 00:00:00+00:00,0.041961555693495904,0.04709872789918568
2026-04-09 00:00:00+00:00,0.006753585379896789,-0.011311946713728593
2026-04-10 00:00:00+00:00,0.001544012451657825,0.007669806757721664
2026-04-13 00:00:00+00:00,0.0009184958246419734,0.005120000000000013
2026-04-14 00:00:00+00:00,0.005187479197140954,0.00948856142265897
2026-04-15 00:00:00+00:00,0.008101772523329314,0.014079351223495573
2026-04-16 00:00:00+00:00,0.014174178852012453,0.010651709105045315
2026-04-17 00:00:00+00:00,-0.00836378385180627,-0.0014616749916199767
2026-04-20 00:00:00+00:00,0.02006973977245303,0.010973106533785915
2026-04-21 00:00:00+00:00,-0.011657660371553481,-0.00197592958505477
2026-04-22 00:00:00+00:00,0.0024278647743546347,0.01299168793769212
2026-04-23 00:00:00+00:00,-0.0111908484395218,0.007031712701232928
2026-04-24 00:00:00+00:00,-0.009436676206041805,-0.009126585256314268
2026-04-28 00:00:00+00:00,0.036474825578447674,0.012167550680141748
2026-04-29 00:00:00+00:00,-0.01817633782637109,-0.011589474582053949
2026-05-04 00:00:00+00:00,-0.015085467913666053,-2.1573809395381005e-05
2026-05-05 00:00:00+00:00,0.027071229779226564,0.011213229345328646
2026-05-06 00:00:00+00:00,-0.0035265336034171852,0.008720697655812515
2026-05-07 00:00:00+00:00,0.02237306361394155,0.00941730118443318
2026-05-08 00:00:00+00:00,0.003041940637421722,0.003331569766528153
2026-05-11 00:00:00+00:00,-0.014342812625100542,-0.010373974741172631
2026-05-12 00:00:00+00:00,-0.0006101472302426015,0.002954365602743314
2026-05-13 00:00:00+00:00,-0.01400317441316347,-0.0014360107306296
2026-05-14 00:00:00+00:00,0.028244572480146342,0.014270137012279083
2026-05-15 00:00:00+00:00,-0.003452715418003855,-0.002004715756234954
2026-05-18 00:00:00+00:00,-0.0039011107946286296,0.0032993338884264034
2026-05-19 00:00:00+00:00,0.003959698172861784,-0.007785511997261296
2026-05-20 00:00:00+00:00,0.0167304969359484,0.00015682748453937911
2026-05-21 00:00:00+00:00,-0.013496091295574018,-0.008540530934597501
2026-05-22 00:00:00+00:00,-0.010044159327307615,-0.010417051067800442
2026-05-25 00:00:00+00:00,0.010970846107965527,0.004741280571936901
2026-05-26 00:00:00+00:00,-0.01785496501562092,-0.0009808963802272475
2026-05-27 00:00:00+00:00,-0.014293618830744604,-0.0051746648409387586
2026-05-28 00:00:00+00:00,0.01715936012200021,-0.005740411751839258
2026-05-29 00:00:00+00:00,-0.008061200770166312,-9.658362263709197e-05
