prediction_date,execution_date,symbol,target_weight,realized_forward_return,predicted_class,realized_class,score,class_0_prob,class_1_prob,class_2_prob,class_3_prob,class_4_prob,class_3_4_prob
2021-01-04,2021-01-05,VN:NKG,0.25,-0.03125,4,0.0,0.27195108479297847,0.24266049085065355,0.21241292199184802,0.15233269220342716,0.10404834818804004,0.28854554676603117,0.3925938949540712
2021-01-04,2021-01-05,VN:VCI,0.25,-0.013290756882713417,4,1.0,0.27195108479297847,0.24266049085065355,0.21241292199184802,0.15233269220342716,0.10404834818804004,0.28854554676603117,0.3925938949540712
2021-01-04,2021-01-05,VN:VPB,0.25,0.0,4,1.0,0.2818203503435955,0.24208991951018333,0.20783477150901472,0.15197450375480961,0.11023372740250013,0.28786707782349225,0.3981008052259924
2021-01-14,2021-01-15,VN:LPB,0.25,-0.166751398068124,4,0.0,0.4098835543534425,0.23764327345522696,0.19183170938366434,0.1444032501012329,0.1006817452660333,0.32544002179384246,0.42612176705987576
2021-01-14,2021-01-15,VN:EVF,0.25,-0.25233644859813087,4,0.0,0.4106495695706361,0.23733479315045758,0.19158269893190336,0.144215810542162,0.10184911866148827,0.3250175787139888,0.42686669737547706
2021-01-14,2021-01-15,VN:HSG,0.25,-0.12176571471180364,4,0.0,0.3788231200330519,0.24049306689223449,0.1941321434339242,0.14613492351368298,0.10188910061451494,0.3173507655456434,0.41923986616015835
2021-01-26,2021-01-27,VN:NKG,0.25,-0.07647058823529407,4,0.0,0.3238736886363281,0.25714433576381707,0.18602471330798734,0.1499274693418662,0.09826168564351925,0.3086417959428101,0.4069034815863294
2021-01-26,2021-01-27,VN:DXG,0.25,0.1045454545454545,4,4.0,0.3199619802841102,0.2562385740226826,0.188516120869306,0.1493993666157268,0.09829128313903623,0.3075546553532484,0.4058459384922846
2021-01-26,2021-01-27,VN:HDC,0.25,0.1130653266331656,4,4.0,0.31407026989600956,0.25524016644268854,0.1920522706496953,0.14881723786553955,0.09753405084757394,0.3063562741945027,0.4038903250420766
2021-02-05,2021-02-08,VN:DXG,0.25,0.02666666666666684,4,2.0,0.3123157718205136,0.2558930237285273,0.19254350805687537,0.14919789246617177,0.09522569995541647,0.30713987579300905,0.4023655757484255
2021-02-05,2021-02-08,VN:VIB,0.25,0.23173963744301918,4,4.0,0.29127809405326843,0.25112348794937134,0.20220932364463806,0.14945456385612488,0.097951740026474,0.2992608845233917,0.3972126245498657
2021-02-05,2021-02-08,VN:KBC,0.25,-0.018750000000000044,4,0.0,0.2401431217842966,0.27014611177690745,0.19000374488546495,0.15057829583355398,0.09868822614432224,0.2905836213597514,0.3892718475040736
2021-02-24,2021-02-25,VN:VIB,0.25,0.161850290989364,4,4.0,0.3814734770467392,0.2455652523455415,0.18998947881154327,0.14614661146809615,0.09615125578754585,0.3221474015872732,0.418298657374819
2021-02-24,2021-02-25,VN:SJS,0.25,-0.02676399026763987,4,0.0,0.3199619802841102,0.2562385740226826,0.188516120869306,0.1493993666157268,0.09829128313903623,0.3075546553532484,0.4058459384922846
2021-02-24,2021-02-25,VN:DXG,0.25,0.00628930817610085,4,1.0,0.3123157718205136,0.2558930237285273,0.19254350805687537,0.14919789246617177,0.09522569995541647,0.30713987579300905,0.4023655757484255
2021-03-08,2021-03-09,VN:DCM,0.25,0.014925373134328401,4,1.0,0.3875364834459045,0.24677429706339377,0.18637072383034484,0.14686616421637674,0.0962553216333086,0.3237334932565761,0.4199888148898847
2021-03-08,2021-03-09,VN:PVD,0.25,-0.14980544747081703,4,0.0,0.3123157718205136,0.2558930237285273,0.19254350805687537,0.14919789246617177,0.09522569995541647,0.30713987579300905,0.4023655757484255
2021-03-08,2021-03-09,VN:PTB,0.25,0.006330275229357696,4,1.0,0.3143268576687064,0.25514468360584464,0.19198042011275573,0.14876156934528373,0.0978716679075981,0.30624165902851774,0.40411332693611585
2021-03-18,2021-03-19,VN:VPB,0.25,0.013080801199073289,4,1.0,0.3185521310136357,0.25596491265192367,0.1893828269655355,0.14923979786753053,0.09818630213100618,0.30722616038400413,0.4054124625150103
2021-03-18,2021-03-19,VN:NKG,0.25,0.06181015452538641,4,3.0,0.2966942331946098,0.26583257911725144,0.18384902590175775,0.14817396137507174,0.09711244174344334,0.3050319918624757,0.40214443360591906
2021-03-18,2021-03-19,VN:VIB,0.25,0.16503978344680492,4,4.0,0.2966942331946098,0.26583257911725144,0.18384902590175775,0.14817396137507174,0.09711244174344334,0.3050319918624757,0.40214443360591906
2021-03-30,2021-03-31,VN:LPB,0.25,0.07222457328255039,4,3.0,0.3875364834459045,0.24677429706339377,0.18637072383034484,0.14686616421637674,0.0962553216333086,0.3237334932565761,0.4199888148898847
2021-03-30,2021-03-31,VN:NKG,0.25,0.0903225806451613,4,4.0,0.2966942331946098,0.26583257911725144,0.18384902590175775,0.14817396137507174,0.09711244174344334,0.3050319918624757,0.40214443360591906
2021-03-30,2021-03-31,VN:SHB,0.25,0.10643591130340724,4,4.0,0.2877327842672584,0.25769180443423695,0.19531950645624857,0.15024666712055604,0.09589508318744724,0.3008469388015112,0.39674202198895847
2021-04-09,2021-04-12,VN:LPB,0.25,0.1266469481043293,4,4.0,0.3810701760490212,0.2516484223060545,0.18204883959816634,0.14672308941598103,0.09616154289004888,0.3234181057897492,0.41957964867979813
2021-04-09,2021-04-12,VN:VND,0.25,0.014206275717617567,4,1.0,0.34860015434921016,0.2526664175490501,0.1909241704780485,0.14531199850606916,0.09421754023756893,0.3168798732292633,0.41109741346683226
2021-04-09,2021-04-12,VN:VPB,0.25,0.16525479814692257,4,4.0,0.3163442709769626,0.2541908044680268,0.18807022413663732,0.15513642247867898,0.09750577135015853,0.30509677756649833,0.40260254891665687
2021-04-22,2021-04-23,VN:LPB,0.25,0.1808151609553479,4,4.0,0.3630272102581502,0.24807566589173424,0.19209699475837494,0.146204621689056,0.09479630809125533,0.3188264095695794,0.41362271766083475
2021-04-22,2021-04-23,VN:VTP,0.25,0.08343436570042972,4,4.0,0.2620831053828267,0.28198235386662623,0.18627921681764076,0.1396522480353043,0.08196575695378312,0.3101204243266456,0.3920861812804287
2021-04-22,2021-04-23,VN:SHB,0.25,-0.05881813176729678,4,0.0,0.3123157718205136,0.2558930237285273,0.19254350805687537,0.14919789246617177,0.09522569995541647,0.30713987579300905,0.4023655757484255
2021-05-06,2021-05-07,VN:LPB,0.25,0.12507333098674178,4,4.0,0.3216186668624678,0.2553539142945603,0.18472947706947968,0.15584627471175846,0.09757751462576834,0.30649281929843325,0.4040703339242016
2021-05-06,2021-05-07,VN:NKG,0.25,0.08896797153024916,4,4.0,0.2966942331946098,0.26583257911725144,0.18384902590175775,0.14817396137507174,0.09711244174344334,0.3050319918624757,0.40214443360591906
2021-05-06,2021-05-07,VN:HSG,0.25,0.08884607150503099,4,4.0,0.2912949804699041,0.26472569498142956,0.18724735778746596,0.14755698098082023,0.0967080852653118,0.3037618809849725,0.4004699662502843
2021-05-18,2021-05-19,VN:FTS,0.25,0.4811798099469333,4,4.0,0.37560516784810294,0.25051875042254107,0.1853533470043546,0.14606443700482416,0.09609719050365048,0.3219662750646297,0.4180634655682802
2021-05-18,2021-05-19,VN:SHB,0.25,0.10583596214511037,4,4.0,0.3179588168859482,0.2569933533668518,0.1890714317560196,0.14983944594860077,0.09563517570495605,0.3084605932235718,0.40409576892852783
2021-05-18,2021-05-19,VN:STB,0.25,0.1996336996336996,4,4.0,0.31407026989600956,0.25524016644268854,0.1920522706496953,0.14881723786553955,0.09753405084757394,0.3063562741945027,0.4038903250420766
2021-05-28,2021-05-31,VN:FTS,0.25,0.32173405909797825,4,4.0,0.3238736886363281,0.25714433576381707,0.18602471330798734,0.1499274693418662,0.09826168564351925,0.3086417959428101,0.4069034815863294
2021-05-28,2021-05-31,VN:SHB,0.25,-0.07291507268553932,4,0.0,0.3179588168859482,0.2569933533668518,0.1890714317560196,0.14983944594860077,0.09563517570495605,0.3084605932235718,0.40409576892852783
2021-05-28,2021-05-31,VN:LPB,0.25,0.03573296147812455,4,2.0,0.2966942331946098,0.26583257911725144,0.18384902590175775,0.14817396137507174,0.09711244174344334,0.3050319918624757,0.40214443360591906
2021-06-09,2021-06-10,VN:FTS,0.25,0.3007185310032823,4,4.0,0.31970636516153145,0.25633487678322664,0.18858698431969398,0.1494555208710325,0.09795237551523095,0.30767024251081593,0.4056226180260469
2021-06-09,2021-06-10,VN:SHB,0.25,-0.13420936069688472,4,0.0,0.3123157718205136,0.2558930237285273,0.19254350805687537,0.14919789246617177,0.09522569995541647,0.30713987579300905,0.4023655757484255
2021-06-09,2021-06-10,VN:LPB,0.25,-0.055989379978135134,4,0.0,0.29266013295963117,0.2650055230035143,0.18638817549374306,0.14771297243879053,0.09681031636572666,0.3040830126982254,0.4008933290639521
2021-06-21,2021-06-22,VN:FTS,0.25,0.03734524051146737,4,2.0,0.29266013295963117,0.2650055230035143,0.18638817549374306,0.14771297243879053,0.09681031636572666,0.3040830126982254,0.4008933290639521
2021-06-21,2021-06-22,VN:HSG,0.25,-0.07820554123711343,4,0.0,0.29266013295963117,0.2650055230035143,0.18638817549374306,0.14771297243879053,0.09681031636572666,0.3040830126982254,0.4008933290639521
2021-06-21,2021-06-22,VN:VCI,0.25,0.05079605761940864,4,3.0,0.29266013295963117,0.2650055230035143,0.18638817549374306,0.14771297243879053,0.09681031636572666,0.3040830126982254,0.4008933290639521
2021-07-01,2021-07-02,VN:FTS,0.25,-0.20431423052157116,4,0.0,0.29266013295963117,0.2650055230035143,0.18638817549374306,0.14771297243879053,0.09681031636572666,0.3040830126982254,0.4008933290639521
2021-07-01,2021-07-02,VN:HCM,0.25,-0.1759320147706004,4,0.0,0.29266013295963117,0.2650055230035143,0.18638817549374306,0.14771297243879053,0.09681031636572666,0.3040830126982254,0.4008933290639521
2021-07-01,2021-07-02,VN:SSI,0.25,-0.14258722761053033,4,0.0,0.29266013295963117,0.2650055230035143,0.18638817549374306,0.14771297243879053,0.09681031636572666,0.3040830126982254,0.4008933290639521
2021-07-13,2021-07-14,VN:CII,0.25,0.0,4,1.0,0.2746561562616836,0.28399813386796513,0.17687009406738052,0.14065055653937575,0.08796056425542059,0.31052065126985795,0.39848121552527854
2021-07-13,2021-07-14,VN:POW,0.25,0.009431765253842705,4,1.0,0.19331904356688967,0.2854663112352318,0.19215153014546982,0.1438273329747667,0.08963064037538587,0.28892418526914576,0.37855482564453163
2021-07-13,2021-07-14,VN:SJS,0.25,0.04166666666666674,4,2.0,0.2409018483690779,0.26337721747623966,0.1948670432353985,0.15356154625444451,0.10102962627239803,0.28716456676151925,0.3881941930339173
2021-07-23,2021-07-26,VN:VIC,0.25,0.08654823982517246,4,4.0,0.2537272981743917,0.27957942665249963,0.19081425382473688,0.14086133031753703,0.08126728115577576,0.3074777080494507,0.38874498920522643
2021-07-23,2021-07-26,VN:HDC,0.25,0.10499139414802072,4,4.0,0.29266013295963117,0.2650055230035143,0.18638817549374306,0.14771297243879053,0.09681031636572666,0.3040830126982254,0.4008933290639521
2021-07-23,2021-07-26,VN:HDG,0.25,0.11006507592190884,4,4.0,0.2409018483690779,0.26337721747623966,0.1948670432353985,0.15356154625444451,0.10102962627239803,0.28716456676151925,0.3881941930339173
2021-08-04,2021-08-05,VN:VND,0.25,0.06425702811244971,4,3.0,0.28924116061268507,0.2654928823487031,0.18779001850202653,0.1479846068026929,0.09409026661380729,0.30464222573277017,0.3987324923465775
2021-08-04,2021-08-05,VN:HDC,0.25,0.05263157894736836,4,3.0,0.29266013295963117,0.2650055230035143,0.18638817549374306,0.14771297243879053,0.09681031636572666,0.3040830126982254,0.4008933290639521
2021-08-04,2021-08-05,VN:NKG,0.25,0.09254143646408841,4,4.0,0.25924249931605536,0.2581509072940864,0.2030197546111029,0.14846620074261874,0.09626267177062237,0.29410046558156955,0.3903631373521919
2021-08-16,2021-08-17,VN:FRT,0.25,0.0071428571428571175,4,1.0,0.3143268576687064,0.25514468360584464,0.19198042011275573,0.14876156934528373,0.0978716679075981,0.30624165902851774,0.40411332693611585
2021-08-16,2021-08-17,VN:VND,0.25,-0.011299435028248705,4,1.0,0.28924116061268507,0.2654928823487031,0.18779001850202653,0.1479846068026929,0.09409026661380729,0.30464222573277017,0.3987324923465775
2021-08-16,2021-08-17,VN:FTS,0.25,0.0722519654656828,4,3.0,0.29266013295963117,0.2650055230035143,0.18638817549374306,0.14771297243879053,0.09681031636572666,0.3040830126982254,0.4008933290639521
2021-08-26,2021-08-27,VN:FTS,0.25,0.12614732878324308,4,4.0,0.29266013295963117,0.2650055230035143,0.18638817549374306,0.14771297243879053,0.09681031636572666,0.3040830126982254,0.4008933290639521
2021-08-26,2021-08-27,VN:HDC,0.25,0.015748031496062964,4,1.0,0.2872035854518147,0.2638869265922388,0.18982252337170746,0.14708945045553556,0.09640166836677738,0.30279943121374076,0.39920109958051814
2021-08-26,2021-08-27,VN:NKG,0.25,0.21468144044321313,4,4.0,0.28541353130699093,0.26351992473840374,0.1909492399222809,0.14688489497683474,0.09626760019068123,0.3023783401717994,0.3986459403624806
2021-09-09,2021-09-10,VN:FTS,0.25,-0.04586334959058569,4,0.0,0.29266013295963117,0.2650055230035143,0.18638817549374306,0.14771297243879053,0.09681031636572666,0.3040830126982254,0.4008933290639521
2021-09-09,2021-09-10,VN:NKG,0.25,0.008403361344537785,4,1.0,0.29266013295963117,0.2650055230035143,0.18638817549374306,0.14771297243879053,0.09681031636572666,0.3040830126982254,0.4008933290639521
2021-09-09,2021-09-10,VN:DGW,0.25,0.17031956270366866,4,4.0,0.2872035854518147,0.2638869265922388,0.18982252337170746,0.14708945045553556,0.09640166836677738,0.30279943121374076,0.39920109958051814
2021-09-21,2021-09-22,VN:HDC,0.25,0.2071330589849112,4,4.0,0.2966942331946098,0.26583257911725144,0.18384902590175775,0.14817396137507174,0.09711244174344334,0.3050319918624757,0.40214443360591906
2021-09-21,2021-09-22,VN:NKG,0.25,0.060439560439560225,4,3.0,0.29266013295963117,0.2650055230035143,0.18638817549374306,0.14771297243879053,0.09681031636572666,0.3040830126982254,0.4008933290639521
2021-09-21,2021-09-22,VN:VND,0.25,-0.03591682419659736,4,0.0,0.2815753871085094,0.25629505324143875,0.19846165032340846,0.1510487485598866,0.09497824985550157,0.29921629801976457,0.39419454787526614
2021-10-01,2021-10-04,VN:DCM,0.25,0.15248226950354615,4,4.0,0.3185521310136357,0.25596491265192367,0.1893828269655355,0.14923979786753053,0.09818630213100618,0.30722616038400413,0.4054124625150103
2021-10-01,2021-10-04,VN:HDC,0.25,0.24966974900924677,4,4.0,0.29266013295963117,0.2650055230035143,0.18638817549374306,0.14771297243879053,0.09681031636572666,0.3040830126982254,0.4008933290639521
2021-10-01,2021-10-04,VN:NKG,0.25,0.1875,4,4.0,0.2872035854518147,0.2638869265922388,0.18982252337170746,0.14708945045553556,0.09640166836677738,0.30279943121374076,0.39920109958051814
2021-10-13,2021-10-14,VN:EVF,0.25,0.19354838709677424,4,4.0,0.32412853333449765,0.25704741669481557,0.1859546019580558,0.14987096302115144,0.09860154314787345,0.3085254751781037,0.40712701832597714
2021-10-13,2021-10-14,VN:DPM,0.25,0.2189054726368158,4,4.0,0.3185521310136357,0.25596491265192367,0.1893828269655355,0.14923979786753053,0.09818630213100618,0.30722616038400413,0.4054124625150103
2021-10-13,2021-10-14,VN:DCM,0.25,0.07246376811594213,4,3.0,0.3143268576687064,0.25514468360584464,0.19198042011275573,0.14876156934528373,0.0978716679075981,0.30624165902851774,0.40411332693611585
2021-10-25,2021-10-26,VN:EVF,0.25,0.034482758620689724,4,2.0,0.3199619802841102,0.2562385740226826,0.188516120869306,0.1493993666157268,0.09829128313903623,0.3075546553532484,0.4058459384922846
2021-10-25,2021-10-26,VN:DPM,0.25,0.19866814650388442,4,4.0,0.2872035854518147,0.2638869265922388,0.18982252337170746,0.14708945045553556,0.09640166836677738,0.30279943121374076,0.39920109958051814
2021-10-25,2021-10-26,VN:HDC,0.25,0.12577319587628888,4,4.0,0.2401431217842966,0.27014611177690745,0.19000374488546495,0.15057829583355398,0.09868822614432224,0.2905836213597514,0.3892718475040736
2021-11-04,2021-11-05,VN:VND,0.25,0.1815336463223789,4,4.0,0.3487428326253381,0.25404676605726206,0.19089831269608204,0.14454229068352065,0.09190160712673062,0.3186110234364046,0.4105126305631352
2021-11-04,2021-11-05,VN:EVF,0.25,0.061797752808989026,4,3.0,0.3199619802841102,0.2562385740226826,0.188516120869306,0.1493993666157268,0.09829128313903623,0.3075546553532484,0.4058459384922846
2021-11-04,2021-11-05,VN:FTS,0.25,-0.03547694863630069,4,0.0,0.2946474701166153,0.2666062116622925,0.1843840628862381,0.14860518276691437,0.0944848358631134,0.30591970682144165,0.40040454268455505
2021-11-16,2021-11-17,VN:DGW,0.25,0.019919440492174534,4,2.0,0.36072592437267303,0.2552325427532196,0.18427790701389313,0.1452169567346573,0.09517443180084229,0.3200981616973877,0.41527259349823
2021-11-16,2021-11-17,VN:HAG,0.25,0.06280193236715004,4,3.0,0.32412853333449765,0.25704741669481557,0.1859546019580558,0.14987096302115144,0.09860154314787345,0.3085254751781037,0.40712701832597714
2021-11-16,2021-11-17,VN:EVF,0.25,0.016393442622950838,4,1.0,0.3199619802841102,0.2562385740226826,0.188516120869306,0.1493993666157268,0.09829128313903623,0.3075546553532484,0.4058459384922846
2021-11-26,2021-11-29,VN:EVF,0.25,0.0888888888888888,4,4.0,0.3182734894495232,0.2560695745955344,0.18946028038055124,0.1493008308008437,0.09781751182403434,0.3073518023990363,0.4051693142230707
2021-11-26,2021-11-29,VN:CTS,0.25,-0.1329787234042552,4,0.0,0.29060803258287987,0.26577434537800426,0.18692891717543267,0.14814150664526612,0.09419002594478486,0.3049652048565121,0.39915523080129695
2021-11-26,2021-11-29,VN:VIX,0.25,-0.010429638854296375,4,1.0,0.29060803258287987,0.26577434537800426,0.18692891717543267,0.14814150664526612,0.09419002594478486,0.3049652048565121,0.39915523080129695
2021-12-08,2021-12-09,VN:EVF,0.25,-0.09661835748792269,4,0.0,0.32412853333449765,0.25704741669481557,0.1859546019580558,0.14987096302115144,0.09860154314787345,0.3085254751781037,0.40712701832597714
2021-12-08,2021-12-09,VN:HAG,0.25,0.4387031408308004,4,4.0,0.3199619802841102,0.2562385740226826,0.188516120869306,0.1493993666157268,0.09829128313903623,0.3075546553532484,0.4058459384922846
2021-12-08,2021-12-09,VN:SJS,0.25,-0.039215686274509776,4,0.0,0.31247830297700924,0.25478581733044164,0.19311689703689056,0.14855233498896667,0.09773400862816015,0.305810942015541,0.4035449506437011
2021-12-20,2021-12-21,VN:HAG,0.25,0.11372549019607847,4,4.0,0.3199619802841102,0.2562385740226826,0.188516120869306,0.1493993666157268,0.09829128313903623,0.3075546553532484,0.4058459384922846
2021-12-20,2021-12-21,VN:POW,0.25,0.054823544991061235,4,3.0,0.312155230886723,0.25338188946464163,0.19065404790583468,0.15464272296321643,0.09719548063854042,0.30412585902776684,0.40132133966630723
2021-12-20,2021-12-21,VN:VND,0.25,-0.04694835680751164,4,0.0,0.2851444919067136,0.2646492480780761,0.19037089177305008,0.1475143763612444,0.09379128576348615,0.30367419802414325,0.3974654837876294
2021-12-30,2021-12-31,VN:DIG,0.25,-0.12812500000000004,4,0.0,0.23789584991180673,0.2709450762114685,0.19056569323786637,0.1510236434791035,0.09602253282103737,0.29144305425052425,0.38746558707156165
2021-12-30,2021-12-31,VN:HAG,0.25,0.04561403508771922,4,2.0,0.23789584991180673,0.2709450762114685,0.19056569323786637,0.1510236434791035,0.09602253282103737,0.29144305425052425,0.38746558707156165
2021-12-30,2021-12-31,VN:FRT,0.25,-0.2535885167464116,4,0.0,0.2401431217842966,0.27014611177690745,0.19000374488546495,0.15057829583355398,0.09868822614432224,0.2905836213597514,0.3892718475040736
2022-01-12,2022-01-13,VN:EVF,0.25,-0.17847769028871385,4,0.0,0.30795822006401746,0.2542194165918144,0.1919934629200915,0.15129707979108512,0.09953980296164458,0.3029502377353644,0.402490040697009
2022-01-12,2022-01-13,VN:DIG,0.25,-0.3399103139013452,4,0.0,0.23789584991180673,0.2709450762114685,0.19056569323786637,0.1510236434791035,0.09602253282103737,0.29144305425052425,0.38746558707156165
2022-01-12,2022-01-13,VN:HAG,0.25,-0.20538720538720534,4,0.0,0.23789584991180673,0.2709450762114685,0.19056569323786637,0.1510236434791035,0.09602253282103737,0.29144305425052425,0.38746558707156165
2022-01-24,2022-01-25,VN:HPG,0.25,0.13021629888573294,4,4.0,0.19481154366766046,0.29005549222396293,0.187369441609664,0.14242916233626493,0.0890728708825371,0.2910730329475711,0.38014590383010816
2022-01-24,2022-01-25,VN:NKG,0.25,0.30148270181219106,0,4.0,0.1469316929578781,0.2874845564365387,0.20141570270061493,0.14097364246845245,0.09353089332580566,0.27659520506858826,0.3701260983943939
2022-01-24,2022-01-25,VN:HSG,0.25,0.21298495645289006,0,4.0,0.14938214198675542,0.28665875961394965,0.20083711742107396,0.1405686864172118,0.09613476550378255,0.27580067104398204,0.3719354365477646
2022-02-10,2022-02-11,VN:SZC,0.25,0.03333333333333344,4,2.0,0.23681067851789805,0.26250887112698607,0.19752153901399327,0.15305525178503432,0.10069652721804773,0.28621781085593856,0.3869143380739863
2022-02-10,2022-02-11,VN:FRT,0.25,0.2608247422680412,4,4.0,0.20980974406570968,0.2714154043371855,0.19523800327664603,0.15128579284889124,0.09915192129755254,0.2829088782397247,0.38206079953727723
2022-02-10,2022-02-11,VN:NKG,0.25,0.154248366013072,0,4.0,0.14839496352974346,0.28476437714126424,0.19950990230210197,0.14624820540660466,0.09549946266785664,0.27397805248217244,0.3694775151500291
2022-02-22,2022-02-23,VN:FRT,0.25,0.1051724137931036,4,4.0,0.2401431217842966,0.27014611177690745,0.19000374488546495,0.15057829583355398,0.09868822614432224,0.2905836213597514,0.3892718475040736
2022-02-22,2022-02-23,VN:DXG,0.25,0.03350515463917514,4,2.0,0.1917016715429598,0.26807376542632455,0.19834190459294687,0.15629984321966883,0.10283117664731162,0.2744533101137481,0.3772844867610597
2022-02-22,2022-02-23,VN:SZC,0.25,-0.05641025641025643,4,0.0,0.18770287000247443,0.26717422208709185,0.2010319143841241,0.15577537285612145,0.1024861217286027,0.27353236894405986,0.3760184906726626
2022-03-04,2022-03-07,VN:VIC,0.25,0.040506329113924044,4,2.0,0.22878313064575195,0.28777554631233215,0.19008004665374756,0.1403193175792694,0.07553049921989441,0.30629459023475647,0.3818250894546509
2022-03-04,2022-03-07,VN:FRT,0.25,0.09999999999999987,4,4.0,0.2401431217842966,0.27014611177690745,0.19000374488546495,0.15057829583355398,0.09868822614432224,0.2905836213597514,0.3892718475040736
2022-03-04,2022-03-07,VN:DXG,0.25,0.027272727272727337,4,2.0,0.23681067851789805,0.26250887112698607,0.19752153901399327,0.15305525178503432,0.10069652721804773,0.28621781085593856,0.3869143380739863
2022-03-16,2022-03-17,VN:VIC,0.25,0.05121638924455829,4,3.0,0.2363233246577529,0.28954142979252556,0.18511012610294206,0.14118035453216035,0.07599397918568505,0.308174110386687,0.3841680895723721
2022-03-16,2022-03-17,VN:FRT,0.25,0.11583577712609983,4,4.0,0.2401431217842966,0.27014611177690745,0.19000374488546495,0.15057829583355398,0.09868822614432224,0.2905836213597514,0.3892718475040736
2022-03-16,2022-03-17,VN:HDG,0.25,0.01559708854347197,4,1.0,0.23196793401336874,0.2583244961999507,0.20003315210243605,0.15936471046910552,0.09909142258490852,0.2831862186435992,0.3822776412285077
2022-03-28,2022-03-29,VN:DPM,0.25,-0.023004059539918797,4,0.0,0.2851444919067136,0.2646492480780761,0.19037089177305008,0.1475143763612444,0.09379128576348615,0.30367419802414325,0.3974654837876294
2022-03-28,2022-03-29,VN:VHC,0.25,0.06321243523316045,4,3.0,0.2618531513766394,0.260129787329727,0.19573142217789358,0.151668120970372,0.09978393017601758,0.2926867393459898,0.3924706695220074
2022-03-28,2022-03-29,VN:FRT,0.25,0.06990291262135928,4,3.0,0.23789584991180673,0.2709450762114685,0.19056569323786637,0.1510236434791035,0.09602253282103737,0.29144305425052425,0.38746558707156165
2022-04-07,2022-04-08,VN:FRT,0.25,-0.046052631578947345,4,0.0,0.23789584991180673,0.2709450762114685,0.19056569323786637,0.1510236434791035,0.09602253282103737,0.29144305425052425,0.38746558707156165
2022-04-07,2022-04-08,VN:CII,0.25,-0.2698412698412699,0,0.0,0.15078433490705234,0.28481331255426023,0.20125524549741114,0.1450149257107457,0.0925416715998823,0.27637484463770057,0.36891651623758287
2022-04-07,2022-04-08,VN:DGC,0.25,0.0,0,1.0,0.1595223733889526,0.27630709984212143,0.19875676485694727,0.15401240839036387,0.10093892140077976,0.26998480550978765,0.3709237269105674
2022-04-20,2022-04-21,VN:VCG,0.25,-0.11165048543689304,4,0.0,0.28645400380887076,0.277902086157274,0.17868108381773964,0.14043889416609354,0.09399727381775998,0.30898066204113284,0.4029779358588928
2022-04-20,2022-04-21,VN:VHC,0.25,-0.041353383458646586,4,0.0,0.2615714928273634,0.2602290472354137,0.19580611294796896,0.1517259902994932,0.09944042415260637,0.2927984253645178,0.3922388495171242
2022-04-20,2022-04-21,VN:FRT,0.25,-0.2682926829268293,4,0.0,0.23789584991180673,0.2709450762114685,0.19056569323786637,0.1510236434791035,0.09602253282103737,0.29144305425052425,0.38746558707156165
2022-05-04,2022-05-05,VN:CTG,0.25,-0.040723981900452455,4,0.0,0.20257016130000832,0.28729859850700495,0.18717994353711437,0.144750495098546,0.08898279336043577,0.29178816949689895,0.3807709628573347
2022-05-04,2022-05-05,VN:VCG,0.25,-0.12599681020733655,4,0.0,0.21524152801160595,0.2817713702252916,0.1895267125823114,0.14239424891454724,0.09530601189452445,0.29100165638332537,0.3863076682778498
2022-05-04,2022-05-05,VN:CII,0.25,-0.07555555555555549,0,0.0,0.15219196725892858,0.2857387810958286,0.20190920988741867,0.1413190587552891,0.09376005572319321,0.2772728945382704,0.37103295026146366
2022-05-16,2022-05-17,VN:PLX,0.25,0.13810741687979533,4,4.0,0.2590525486924134,0.29010749295514066,0.18067494303993795,0.143676238412801,0.06834074956686421,0.31720057602525614,0.38554132559212034
2022-05-16,2022-05-17,VN:MSB,0.25,0.11780821917808182,4,4.0,0.26855894233462035,0.2848716165087109,0.18316223273164728,0.14396097195032156,0.07127556417213572,0.3167296146371846,0.3880051788093203
2022-05-16,2022-05-17,VN:OCB,0.25,0.15606936416184958,4,4.0,0.26855894233462035,0.2848716165087109,0.18316223273164728,0.14396097195032156,0.07127556417213572,0.3167296146371846,0.3880051788093203
2022-05-26,2022-05-27,VN:PLX,0.25,-0.012925969447708519,4,1.0,0.2030707955131621,0.28800865793221697,0.18764254310993445,0.1426367749077322,0.0892027088314093,0.29250931521870704,0.38171202405011634
2022-05-26,2022-05-27,VN:TCB,0.25,-0.0190812720848057,4,0.0,0.19764342011776992,0.28976267360327634,0.18718027929082304,0.14228539062823808,0.08898296140892087,0.2917886950687416,0.3807716564776625
2022-05-26,2022-05-27,VN:MSB,0.25,-0.07341772151898729,4,0.0,0.21524152801160595,0.2817713702252916,0.1895267125823114,0.14239424891454724,0.09530601189452445,0.29100165638332537,0.3863076682778498
2022-06-07,2022-06-08,VN:HPG,0.25,-0.1319905721019926,4,0.0,0.2769136619107971,0.29400110682846764,0.18154311450635066,0.11544642024407417,0.09028454259461972,0.31872481582648776,0.40900935842110747
2022-06-07,2022-06-08,VN:PLX,0.25,-0.12847965738758038,4,0.0,0.20281702280044556,0.2872096598148346,0.18712198734283447,0.14470568299293518,0.08926483988761902,0.29169782996177673,0.38096266984939575
2022-06-07,2022-06-08,VN:TCB,0.25,-0.006925786614126239,4,1.0,0.19715736197638634,0.28905005555078633,0.18671994745969536,0.14439477671957507,0.08876412013608755,0.2910711001338556,0.37983522026994315
2022-06-17,2022-06-20,VN:HPG,0.25,-0.056074224412873463,4,0.0,0.26093854204519495,0.30049646124613627,0.18555393953289046,0.11799696920809871,0.07018624298413279,0.3257663870287417,0.3959526300128745
2022-06-17,2022-06-20,VN:VIB,0.25,0.16708373435996138,4,4.0,0.2708221347997547,0.2951039803819648,0.18812810725546364,0.11824319295182197,0.07320797770655056,0.3253167417041991,0.3985247194107497
2022-06-17,2022-06-20,VN:OCB,0.25,0.05882352941176472,4,3.0,0.26855894233462035,0.2848716165087109,0.18316223273164728,0.14396097195032156,0.07127556417213572,0.3167296146371846,0.3880051788093203
2022-06-29,2022-06-30,VN:HPG,0.25,0.019810762862211728,4,2.0,0.2748085152329283,0.2939604564601251,0.18151800604936488,0.11543044619903634,0.0915129198359388,0.31757817145553485,0.40909109129147364
2022-06-29,2022-06-30,VN:VTP,0.25,0.007224430563442574,4,1.0,0.19764342011776992,0.28976267360327634,0.18718027929082304,0.14228539062823808,0.08898296140892087,0.2917886950687416,0.3807716564776625
2022-06-29,2022-06-30,VN:KDH,0.25,0.017955245585638435,4,2.0,0.20257016130000832,0.28729859850700495,0.18717994353711437,0.144750495098546,0.08898279336043577,0.29178816949689895,0.3807709628573347
2022-07-11,2022-07-12,VN:HPG,0.25,-0.03630262355094571,4,0.0,0.2739075510075491,0.29432567296194273,0.1817435283569203,0.1155738581216218,0.0903841981950954,0.3179727423644198,0.4083569405595152
2022-07-11,2022-07-12,VN:OCB,0.25,0.047761194029850795,4,2.0,0.28645400380887076,0.277902086157274,0.17868108381773964,0.14043889416609354,0.09399727381775998,0.30898066204113284,0.4029779358588928
2022-07-11,2022-07-12,VN:MSB,0.25,0.09696969696969693,4,4.0,0.2792512816079152,0.28024542749293785,0.1784243014220044,0.1402370801603359,0.09255656737918506,0.30853662354553674,0.4010931909247218
2022-07-21,2022-07-22,VN:HPG,0.25,0.03964914360220484,4,2.0,0.19890061317236146,0.2893086714939575,0.18688699881564078,0.14206244263145987,0.0904103531004541,0.2913315339584877,0.3817418870589418
2022-07-21,2022-07-22,VN:VTP,0.25,0.0371693434104865,4,2.0,0.19559243013543853,0.2888887589176467,0.1866157394636215,0.1443141880105627,0.09027912669507697,0.28990218691309216,0.38018131360816915
2022-07-21,2022-07-22,VN:CTR,0.25,0.054628224582701224,4,3.0,0.21272671492263567,0.2796913322875351,0.18812761780334372,0.14965103232150453,0.09367652773090017,0.2888534898567165,0.3825300175876167
2022-08-02,2022-08-03,VN:HPG,0.25,0.0545764305017038,4,3.0,0.2014540672410583,0.29302281359600135,0.18928624830608254,0.13104826309567885,0.09157104113378406,0.29507163386845314,0.3866426750022372
2022-08-02,2022-08-03,VN:HSG,0.25,0.15304606240713214,0,4.0,0.14870343055437285,0.29024235279090266,0.20334785292589228,0.1323708335271726,0.09479044660301347,0.279248514153019,0.3740389607560325
2022-08-02,2022-08-03,VN:NKG,0.25,0.12661498708010366,0,4.0,0.15138624834099784,0.2860103292168726,0.20210109952242822,0.14145335765858527,0.09289881725458528,0.27753639634752864,0.3704352136021139
2022-08-12,2022-08-15,VN:VGC,0.25,0.018099547511312153,0,2.0,0.13603445684858478,0.27267667244856547,0.2051721631709909,0.15898357094848795,0.10147140768958021,0.26169618574237546,0.3631675934319557
2022-08-12,2022-08-15,VN:BCM,0.25,0.12222511724856688,0,4.0,-0.12657842690811738,0.29722153919025107,0.23108070916622347,0.16647873694838033,0.10835584172341345,0.19686317297173161,0.30521901469514506
2022-08-12,2022-08-15,VN:TPB,0.25,-0.02447552447552448,0,0.0,-0.173956400350061,0.31006899245031927,0.23643573942455842,0.15724147739081473,0.10307202411389332,0.1931817666204142,0.2962537907343075
2022-08-24,2022-08-25,VN:VGC,0.25,-0.12857142857142856,4,0.0,0.18391655385494232,0.26811784505844116,0.20174193382263184,0.1563255339860916,0.09977494180202484,0.27403974533081055,0.3738146871328354
2022-08-24,2022-08-25,VN:BCM,0.25,0.022468046761992877,0,2.0,0.1277607568431126,0.268804826402808,0.2116818938160507,0.15842144663397809,0.1031115979883551,0.2579802351588081,0.3610918331471632
2022-08-24,2022-08-25,VN:TLG,0.25,0.19096682053505387,0,4.0,-0.024955034255981445,0.2744830250740051,0.23271872103214264,0.17228743433952332,0.10240136086940765,0.21810945868492126,0.3205108195543289
2022-09-07,2022-09-08,VN:DGC,0.25,-0.008478290816645861,0,1.0,0.1462894785319896,0.28546840590540484,0.20000316649682448,0.14660978644959152,0.09326323330245688,0.2746554078457223,0.3679186411481792
2022-09-07,2022-09-08,VN:VSC,0.25,0.017931034482758568,0,2.0,0.026590899821709008,0.2956584824170984,0.20891868511968933,0.15314520089977388,0.10000317245735998,0.2422744591060784,0.3422776315634384
2022-09-07,2022-09-08,VN:TLG,0.25,-0.016670747178882284,0,1.0,0.014837734511775724,0.27087223731631216,0.22965735368175322,0.17002102859333923,0.10105428919981635,0.228395091208779,0.32944938040859534
2022-09-19,2022-09-20,VN:ANV,0.25,-0.19094922737306852,0,0.0,0.14595788717269897,0.28557929396629333,0.20008084177970886,0.1466667354106903,0.09291103482246399,0.2747620940208435,0.3676731288433075
2022-09-19,2022-09-20,VN:BCM,0.25,-0.0729662606960425,4,0.0,0.18641688258014133,0.26729639767192903,0.201123844062004,0.15584659228071737,0.10253298798502264,0.2732001780003269,0.37573316598534956
2022-09-19,2022-09-20,VN:DGC,0.25,-0.18297172003969986,0,0.0,0.01893878039535224,0.29820782834910836,0.20892857637788584,0.15315244058228852,0.09742522530034856,0.24228592939036875,0.33971115469071733
2022-09-29,2022-09-30,VN:DGC,0.25,0.1446255449281022,0,4.0,0.15219196725892858,0.2857387810958286,0.20190920988741867,0.1413190587552891,0.09376005572319321,0.2772728945382704,0.37103295026146366
2022-09-29,2022-09-30,VN:ANV,0.25,-0.0756192959582791,0,0.0,0.1469316929578781,0.2874845564365387,0.20141570270061493,0.14097364246845245,0.09353089332580566,0.27659520506858826,0.3701260983943939
2022-09-29,2022-09-30,VN:FRT,0.25,0.12394366197183104,0,4.0,0.005748838100599729,0.3041102542860768,0.20859580921238946,0.1485288270037051,0.0968650863041716,0.24190002319365705,0.3387651094978287
2022-10-11,2022-10-12,VN:TCB,0.25,-0.04791066282420753,4,0.0,0.26093854204519495,0.30049646124613627,0.18555393953289046,0.11799696920809871,0.07018624298413279,0.3257663870287417,0.3959526300128745
2022-10-11,2022-10-12,VN:KDH,0.25,-0.05737704918032793,4,0.0,0.1806339797472057,0.30039343685497993,0.19404751351546518,0.13298517663754786,0.07112662600169518,0.30144724699031183,0.372573872992007
2022-10-11,2022-10-12,VN:SHB,0.25,0.18619454943306146,0,4.0,0.13140644878149033,0.30290061235427856,0.21221639215946198,0.11831355839967728,0.07514212280511856,0.2914273142814636,0.3665694370865822
2022-10-21,2022-10-24,VN:TCB,0.25,0.054554034922132955,4,3.0,0.26093854204519495,0.30049646124613627,0.18555393953289046,0.11799696920809871,0.07018624298413279,0.3257663870287417,0.3959526300128745
2022-10-21,2022-10-24,VN:KDH,0.25,-0.14884696016771493,4,0.0,0.2708221347997547,0.2951039803819648,0.18812810725546364,0.11824319295182197,0.07320797770655056,0.3253167417041991,0.3985247194107497
2022-10-21,2022-10-24,VN:DXS,0.25,-0.3563829787234043,0,0.0,0.13100639987713086,0.3019784874477056,0.2115703444342932,0.12099768515684883,0.07491336483831089,0.2905401181228415,0.3654534829611524
2022-11-02,2022-11-03,VN:KDH,0.25,-0.03913043478260858,4,0.0,0.2708221347997547,0.2951039803819648,0.18812810725546364,0.11824319295182197,0.07320797770655056,0.3253167417041991,0.3985247194107497
2022-11-02,2022-11-03,VN:VTP,0.25,-0.2378268010120289,4,0.0,0.2708221347997547,0.2951039803819648,0.18812810725546364,0.11824319295182197,0.07320797770655056,0.3253167417041991,0.3985247194107497
2022-11-02,2022-11-03,VN:TCB,0.25,-0.09915087057209027,4,0.0,0.2585640381383595,0.30054524316977527,0.18558406691563079,0.1180161154417983,0.07116256601242299,0.3246920084603726,0.3958545744727956
2022-11-14,2022-11-15,VN:PDR,0.25,-0.44057377049180324,4,0.0,0.25784794986248016,0.300835520029068,0.18576331436634064,0.11813010275363922,0.07026544213294983,0.3250056207180023,0.39527106285095215
2022-11-14,2022-11-15,VN:PLX,0.25,0.1132075471698113,4,4.0,0.2565420589052908,0.29960082097354607,0.18717678588542289,0.11764526805450276,0.07190544426088945,0.3236716808256388,0.39557712508652826
2022-11-14,2022-11-15,VN:TCB,0.25,0.1666828935838769,4,4.0,0.2572346551050348,0.29932173194522466,0.18700244465463028,0.11753567702961931,0.07276993773073144,0.3233702086397943,0.39614014637052575
2022-11-24,2022-11-25,VN:PDR,0.25,0.11913357400722036,4,4.0,0.2708221347997547,0.2951039803819648,0.18812810725546364,0.11824319295182197,0.07320797770655056,0.3253167417041991,0.3985247194107497
2022-11-24,2022-11-25,VN:TCB,0.25,0.22804449648711955,4,4.0,0.2710268714717962,0.29502110794123687,0.18807528352513064,0.11820998435586738,0.07346825082694737,0.32522537335081775,0.3986936241777651
2022-11-24,2022-11-25,VN:SJS,0.25,0.1925465838509317,4,4.0,0.25784794986248016,0.300835520029068,0.18576331436634064,0.11813010275363922,0.07026544213294983,0.3250056207180023,0.39527106285095215
2022-12-06,2022-12-07,VN:SJS,0.25,-0.0486257928118391,4,0.0,0.20293769100122722,0.2959966747759782,0.1934562085108819,0.1162300219008333,0.09728201768642716,0.29703507712587945,0.3943170948123066
2022-12-06,2022-12-07,VN:PDR,0.25,-0.17419354838709677,0,0.0,0.13100639987713086,0.3019784874477056,0.2115703444342932,0.12099768515684883,0.07491336483831089,0.2905401181228415,0.3654534829611524
2022-12-06,2022-12-07,VN:HDC,0.25,-0.11011904761904745,0,0.0,0.16536979870110152,0.29690510919407337,0.20158278052755535,0.1169661467363282,0.09643754650466282,0.28810841703738027,0.38454596354204307
2022-12-16,2022-12-19,VN:SJS,0.25,-0.06889352818371586,4,0.0,0.20710456344840805,0.2897201370552131,0.19132550838122114,0.12861108300793606,0.0965797343634168,0.2937635371922129,0.39034327155562965
2022-12-16,2022-12-19,VN:PDR,0.25,0.034482758620689724,0,2.0,0.13100639987713086,0.3019784874477056,0.2115703444342932,0.12099768515684883,0.07491336483831089,0.2905401181228415,0.3654534829611524
2022-12-16,2022-12-19,VN:DXG,0.25,-0.10596026490066246,0,0.0,0.1513766903737938,0.29605368441463303,0.20919794311816864,0.11663072071889163,0.09083547646184585,0.2872821752864609,0.37811765174830675
2022-12-28,2022-12-29,VN:SJS,0.25,0.03076923076923066,4,2.0,0.2133804234872853,0.28770048069284443,0.19186953139013493,0.12897678007878616,0.09685435362579718,0.2945988542124373,0.3914532078382345
2022-12-28,2022-12-29,VN:PDR,0.25,0.01858736059479571,0,2.0,0.13071205014091852,0.30064044074655566,0.21063288026972593,0.12460633645816899,0.07486760783644635,0.2892527346891031,0.3641203425255495
2022-12-28,2022-12-29,VN:BSI,0.25,0.022099447513812098,0,2.0,0.15776278941156563,0.29944384321156026,0.20161570758831282,0.11698526231188522,0.09379968862086302,0.28815549826737863,0.38195518688824165
2023-01-10,2023-01-11,VN:SJS,0.25,0.0379464285714286,4,2.0,0.20496402986294077,0.2853534562193372,0.19661277825553386,0.1301411707720335,0.09569703185106862,0.2921955629020268,0.38789259475309545
2023-01-10,2023-01-11,VN:PDR,0.25,-0.0350877192982455,0,0.0,0.13100639987713086,0.3019784874477056,0.2115703444342932,0.12099768515684883,0.07491336483831089,0.2905401181228415,0.3654534829611524
2023-01-10,2023-01-11,VN:DIG,0.25,0.0331125827814569,0,2.0,0.15530357574764653,0.3001482047217893,0.2003718123033843,0.11626349250856376,0.09683883695208921,0.28637765351417344,0.38321649046626266
2023-01-27,2023-01-30,VN:PDR,0.25,-0.22627737226277367,0,0.0,0.1312561109662056,0.3018917143344879,0.21150954067707062,0.12096291035413742,0.07517921179533005,0.290456622838974,0.36563583463430405
2023-01-27,2023-01-30,VN:DIG,0.25,-0.1795665634674921,0,0.0,0.15264391495236568,0.29430384101652746,0.19647023520924678,0.13310693501920107,0.09531756703520343,0.2808014217198213,0.37611898875502475
2023-01-27,2023-01-30,VN:EIB,0.25,-0.17996289424860845,0,0.0,0.16271623241679822,0.2852629593642223,0.1936783554995795,0.1477605187403924,0.0964869962712975,0.2768111701245083,0.3732981663958058
2023-02-08,2023-02-09,VN:PDR,0.25,-0.14574898785425083,0,0.0,0.13087367753958984,0.3016725294915039,0.2113559920845923,0.12188825465322489,0.0748374713524234,0.2902457524182555,0.3650832237706789
2023-02-08,2023-02-09,VN:DGW,0.25,-0.04435363301106354,0,0.0,0.1524968725627986,0.285636018426568,0.2018365935175342,0.14126822878674525,0.09408598743699444,0.2771731718321581,0.37125915926915254
2023-02-08,2023-02-09,VN:EIB,0.25,-0.06097608472173399,0,0.0,0.14938214198675542,0.28665875961394965,0.20083711742107396,0.1405686864172118,0.09613476550378255,0.27580067104398204,0.3719354365477646
2023-02-20,2023-02-21,VN:PDR,0.25,0.012820512820512775,0,1.0,0.14031296432484636,0.3041905508069776,0.20477328009565593,0.12290563617506081,0.07546212636622975,0.2926684065560759,0.36813053292230563
2023-02-20,2023-02-21,VN:BID,0.25,0.016949152542372836,0,1.0,-0.08919274128372034,0.2902590654064645,0.2268774973368458,0.16923494763102342,0.11134129100547202,0.20228719862019418,0.3136284896256662
2023-02-20,2023-02-21,VN:HT1,0.25,0.009708737864077666,0,1.0,-0.10158934886487286,0.28843902681949657,0.23506803110039143,0.16817378496605798,0.10730036773382522,0.20101878938022882,0.30831915711405405
2023-03-02,2023-03-03,VN:MSN,0.25,0.03164556962025311,0,2.0,-0.16306371014930549,0.32328433851693045,0.22174772788597774,0.1491209924744968,0.10614406429862593,0.1997028768239691,0.30584694112259503
2023-03-02,2023-03-03,VN:BID,0.25,-0.022629310344827624,0,0.0,-0.11576121214210078,0.29316365500417607,0.23241498893190182,0.16743999594867232,0.10898149677379804,0.1979998633414517,0.30698136011524974
2023-03-02,2023-03-03,VN:HDC,0.25,-0.01320132013201325,0,1.0,-0.1825416656949867,0.32209169384700514,0.2320321465725877,0.14682529647908663,0.10173936036617517,0.19731150273514536,0.29905086310132056
2023-03-14,2023-03-15,VN:VIC,0.25,0.013207547169811429,4,1.0,0.24947833643140888,0.2820532577923945,0.1873204233151611,0.139727784101251,0.08589516452111058,0.3050033702700828,0.39089853479119335
2023-03-14,2023-03-15,VN:DIG,0.25,0.17272727272727284,0,4.0,0.15468477918758333,0.2989522903845397,0.1995734482876494,0.11978466420723988,0.09645299155870055,0.2852366055618705,0.38168959712057104
2023-03-14,2023-03-15,VN:PDR,0.25,0.05084745762711873,0,3.0,0.16470622017104075,0.28164798860692947,0.18802148664061685,0.15175925647494962,0.10984506040349783,0.26872620787400625,0.3785712682775041
2023-03-24,2023-03-27,VN:DIG,0.25,0.3725490196078429,0,4.0,0.1489423044183507,0.2878540711424638,0.1921645225261968,0.15246155630854433,0.09287229041945501,0.27464755960334003,0.367519850022795
2023-03-24,2023-03-27,VN:DGW,0.25,0.03323288129917956,0,2.0,0.02408783101904649,0.30173423436680086,0.2132119504628785,0.13879194648873885,0.09900867791460935,0.24725319076697244,0.3462618686815818
2023-03-24,2023-03-27,VN:VHC,0.25,0.032727272727272716,0,2.0,0.009610295438919947,0.3027152762221586,0.20941944732396972,0.149115281538893,0.09589484476886459,0.24285515014611408,0.3387499949149787
2023-04-05,2023-04-06,VN:BSI,0.25,0.1423076923076927,0,4.0,-0.0021383762678261475,0.28043166220831367,0.22520539500125342,0.1635050946996375,0.10432160056116582,0.2265362475296296,0.33085784809079544
2023-04-05,2023-04-06,VN:IMP,0.25,0.14136125654450238,0,4.0,-0.15473200150233496,0.32186248418893687,0.216006752610106,0.16261905189426165,0.09676770721722086,0.20274400408947463,0.2995117113066955
2023-04-05,2023-04-06,VN:VHC,0.25,0.10053859964093359,0,4.0,-0.16123396158218384,0.32231658697128296,0.22297972440719604,0.14994949102401733,0.10394182801246643,0.20081236958503723,0.30475419759750366
2023-04-17,2023-04-18,VN:BSI,0.25,0.09814814814814832,0,4.0,-0.09445448079028002,0.2883677439634838,0.2315786148372499,0.1681322132329313,0.11095233096253379,0.20096909700380122,0.31192142796633504
2023-04-17,2023-04-18,VN:DGW,0.25,0.007637798616709768,0,1.0,-0.1667642667845965,0.3243129406431493,0.22245327133894244,0.1495954625489356,0.10330004528313673,0.20033828018583594,0.3036383254689727
2023-04-17,2023-04-18,VN:MSN,0.25,-0.05121638924455829,0,0.0,-0.16306371014930549,0.32328433851693045,0.22174772788597774,0.1491209924744968,0.10614406429862593,0.1997028768239691,0.30584694112259503
2023-04-27,2023-04-28,VN:MSN,0.25,0.012448132780083165,0,1.0,0.1512054457901284,0.2901577565026952,0.20328856398795356,0.1300783714628705,0.09730820067798493,0.2791671073684958,0.37647530804648077
2023-04-27,2023-04-28,VN:CTD,0.25,0.07925431671165906,0,4.0,0.15226210475944374,0.2711316448126601,0.2040096299353849,0.15808274440775605,0.100896459106224,0.26587952173797497,0.36677598084419893
2023-04-27,2023-04-28,VN:BSI,0.25,-0.006968641114982521,0,1.0,0.13603445684858478,0.27267667244856547,0.2051721631709909,0.15898357094848795,0.10147140768958021,0.26169618574237546,0.3631675934319557
2023-05-12,2023-05-15,VN:CTD,0.25,0.013933372296902391,4,1.0,0.18391655385494232,0.26811784505844116,0.20174193382263184,0.1563255339860916,0.09977494180202484,0.27403974533081055,0.3738146871328354
2023-05-12,2023-05-15,VN:BSI,0.25,0.1144781144781144,0,4.0,0.13603445684858478,0.27267667244856547,0.2051721631709909,0.15898357094848795,0.10147140768958021,0.26169618574237546,0.3631675934319557
2023-05-12,2023-05-15,VN:BMP,0.25,0.0249810882606476,0,2.0,-0.016574196147005282,0.27372255309546245,0.23207395750118887,0.17181010160274576,0.1021176479283501,0.2202757398722528,0.3223933878006029
2023-05-24,2023-05-25,VN:FTS,0.25,-0.018722995679308796,4,0.0,0.1852077367125789,0.2679949064851566,0.20164943931029083,0.15625387197354626,0.09972917884991797,0.2743726033810883,0.3741017822310063
2023-05-24,2023-05-25,VN:CTD,0.25,0.02624280420444225,4,2.0,0.18391655385494232,0.26811784505844116,0.20174193382263184,0.1563255339860916,0.09977494180202484,0.27403974533081055,0.3738146871328354
2023-05-24,2023-05-25,VN:BSI,0.25,0.06209150326797386,0,3.0,0.13603445684858478,0.27267667244856547,0.2051721631709909,0.15898357094848795,0.10147140768958021,0.26169618574237546,0.3631675934319557
2023-06-05,2023-06-06,VN:VIX,0.25,0.1634856070087609,4,4.0,0.20595979997455777,0.26729762952473207,0.19776766296874976,0.1558473282433648,0.09946970789834422,0.27961767136480914,0.3790873792631534
2023-06-05,2023-06-06,VN:BSI,0.25,0.0644171779141105,4,3.0,0.18391655385494232,0.26811784505844116,0.20174193382263184,0.1563255339860916,0.09977494180202484,0.27403974533081055,0.3738146871328354
2023-06-05,2023-06-06,VN:CTD,0.25,0.04477124944647737,4,2.0,0.18391655385494232,0.26811784505844116,0.20174193382263184,0.1563255339860916,0.09977494180202484,0.27403974533081055,0.3738146871328354
2023-06-15,2023-06-16,VN:VIX,0.25,0.02826596367896883,4,2.0,0.2386033400372914,0.26417470962460005,0.19545709324840804,0.15402652897039537,0.09830757596744508,0.2880340921891515,0.38634166815659654
2023-06-15,2023-06-16,VN:BSI,0.25,0.018575851393188847,4,2.0,0.1852077367125789,0.2679949064851566,0.20164943931029083,0.15625387197354626,0.09972917884991797,0.2743726033810883,0.3741017822310063
2023-06-15,2023-06-16,VN:CTD,0.25,0.05742117990600892,4,3.0,0.18391655385494232,0.26811784505844116,0.20174193382263184,0.1563255339860916,0.09977494180202484,0.27403974533081055,0.3738146871328354
2023-06-27,2023-06-28,VN:CTS,0.25,0.038374717832957206,4,2.0,0.2386033400372914,0.26417470962460005,0.19545709324840804,0.15402652897039537,0.09830757596744508,0.2880340921891515,0.38634166815659654
2023-06-27,2023-06-28,VN:VIX,0.25,0.05395531825207245,4,3.0,0.2386033400372914,0.26417470962460005,0.19545709324840804,0.15402652897039537,0.09830757596744508,0.2880340921891515,0.38634166815659654
2023-06-27,2023-06-28,VN:SSI,0.25,0.06766266103713336,4,3.0,0.2308697230563252,0.2612479089479426,0.2013762191245605,0.15232006055832045,0.10021283701537931,0.2848429743537972,0.3850558113691765
2023-07-07,2023-07-10,VN:BSI,0.25,0.06624605678233442,4,3.0,0.23450742661952972,0.2633011043071747,0.19811764359474182,0.15351717174053192,0.0979824811220169,0.28708159923553467,0.3850640803575516
2023-07-07,2023-07-10,VN:DBC,0.25,0.028629856850715507,4,2.0,0.23450742661952972,0.2633011043071747,0.19811764359474182,0.15351717174053192,0.0979824811220169,0.28708159923553467,0.3850640803575516
2023-07-07,2023-07-10,VN:VCI,0.25,0.053886334211348696,4,3.0,0.2285596511197195,0.2620325606455636,0.20198103183564448,0.1527775331503888,0.09751040942935915,0.285698464939044,0.3832088743684031
2023-07-19,2023-07-20,VN:VIX,0.25,0.2786045957852128,4,4.0,0.31654701655288014,0.2567180654895594,0.18994009211748702,0.14967894331099177,0.09553272879819977,0.30813017028376205,0.40366289908196185
2023-07-19,2023-07-20,VN:CTD,0.25,-0.16859414177146304,4,0.0,0.2596457004547119,0.26090770959854126,0.19631676375865936,0.15212169289588928,0.09709180891513824,0.29356202483177185,0.3906538337469101
2023-07-19,2023-07-20,VN:VCI,0.25,0.053182327103608706,4,3.0,0.23450742661952972,0.2633011043071747,0.19811764359474182,0.15351717174053192,0.0979824811220169,0.28708159923553467,0.3850640803575516
2023-07-31,2023-08-01,VN:VIX,0.25,0.16242797536260678,4,4.0,0.3179588168859482,0.2569933533668518,0.1890714317560196,0.14983944594860077,0.09563517570495605,0.3084605932235718,0.40409576892852783
2023-07-31,2023-08-01,VN:KDH,0.25,-0.051999999999999935,4,0.0,0.26861922987834186,0.2556222658185492,0.201300738742197,0.1506522435646337,0.09805487768311144,0.2943698741915086,0.39242475187462006
2023-07-31,2023-08-01,VN:FTS,0.25,-0.0284610908321431,4,0.0,0.2386033400372914,0.26417470962460005,0.19545709324840804,0.15402652897039537,0.09830757596744508,0.2880340921891515,0.38634166815659654
2023-08-10,2023-08-11,VN:VIX,0.25,0.1682215743440234,4,4.0,0.3179588168859482,0.2569933533668518,0.1890714317560196,0.14983944594860077,0.09563517570495605,0.3084605932235718,0.40409576892852783
2023-08-10,2023-08-11,VN:TCH,0.25,0.09243697478991564,4,4.0,0.2825836263932157,0.25996725589183317,0.1923440906847675,0.15157335319042117,0.09674183591864247,0.2993734643143357,0.39611530023297814
2023-08-10,2023-08-11,VN:LPB,0.25,0.09498389323515877,4,4.0,0.2409018483690779,0.26337721747623966,0.1948670432353985,0.15356154625444451,0.10102962627239803,0.28716456676151925,0.3881941930339173
2023-08-22,2023-08-23,VN:LPB,0.25,0.05536811142832421,4,3.0,0.3185521310136357,0.25596491265192367,0.1893828269655355,0.14923979786753053,0.09818630213100618,0.30722616038400413,0.4054124625150103
2023-08-22,2023-08-23,VN:VIX,0.25,0.13533351683640715,4,4.0,0.3123157718205136,0.2558930237285273,0.19254350805687537,0.14919789246617177,0.09522569995541647,0.30713987579300905,0.4023655757484255
2023-08-22,2023-08-23,VN:SSI,0.25,0.09117343588781535,4,4.0,0.2409018483690779,0.26337721747623966,0.1948670432353985,0.15356154625444451,0.10102962627239803,0.28716456676151925,0.3881941930339173
2023-09-05,2023-09-06,VN:LPB,0.25,-0.06829992576095023,4,0.0,0.32412853333449765,0.25704741669481557,0.1859546019580558,0.14987096302115144,0.09860154314787345,0.3085254751781037,0.40712701832597714
2023-09-05,2023-09-06,VN:SSI,0.25,0.04196528797167787,4,2.0,0.3143268576687064,0.25514468360584464,0.19198042011275573,0.14876156934528373,0.0978716679075981,0.30624165902851774,0.40411332693611585
2023-09-05,2023-09-06,VN:VIX,0.25,-0.030481028734719806,4,0.0,0.29060803258287987,0.26577434537800426,0.18692891717543267,0.14814150664526612,0.09419002594478486,0.3049652048565121,0.39915523080129695
2023-09-15,2023-09-18,VN:BSI,0.25,-0.13466042154566749,4,0.0,0.3123157718205136,0.2558930237285273,0.19254350805687537,0.14919789246617177,0.09522569995541647,0.30713987579300905,0.4023655757484255
2023-09-15,2023-09-18,VN:CTS,0.25,-0.16216216216216217,4,0.0,0.3123157718205136,0.2558930237285273,0.19254350805687537,0.14919789246617177,0.09522569995541647,0.30713987579300905,0.4023655757484255
2023-09-15,2023-09-18,VN:FTS,0.25,-0.06162893740433417,4,0.0,0.3123157718205136,0.2558930237285273,0.19254350805687537,0.14919789246617177,0.09522569995541647,0.30713987579300905,0.4023655757484255
2023-09-27,2023-09-28,VN:VTP,0.25,0.06806391986166593,4,3.0,0.19850157497080528,0.2643016318127756,0.20373007958725214,0.154100509794064,0.10138420911705806,0.2764835696888502,0.37786777880590827
2023-09-27,2023-09-28,VN:PVT,0.25,0.1113172541743972,4,4.0,0.18048816650378458,0.26517504058517455,0.20533786408099736,0.1562822288828756,0.10171924379886324,0.27148562265208925,0.3732048664509525
2023-09-27,2023-09-28,VN:DGC,0.25,0.08406287787182576,0,4.0,0.15488845571543142,0.27029166431104135,0.2033775956445216,0.1575929867503937,0.10368193995004714,0.2650558133439962,0.36873775329404335
2023-10-09,2023-10-10,VN:FTS,0.25,-0.10808233330684247,4,0.0,0.23450742661952972,0.2633011043071747,0.19811764359474182,0.15351717174053192,0.0979824811220169,0.28708159923553467,0.3850640803575516
2023-10-09,2023-10-10,VN:VTP,0.25,0.019222132399173475,4,2.0,0.22516343816627754,0.25968917430373506,0.20450339601923836,0.1530490919038924,0.09961491526320829,0.2831434225099259,0.38275833777313417
2023-10-09,2023-10-10,VN:PVT,0.25,-0.021352313167259607,4,0.0,0.18048816650378458,0.26517504058517455,0.20533786408099736,0.1562822288828756,0.10171924379886324,0.27148562265208925,0.3732048664509525
2023-10-19,2023-10-20,VN:VHM,0.25,-0.03529411764705881,4,0.0,0.21471172251236853,0.28107788739982414,0.1890602530679069,0.14450497709952329,0.09507144845915663,0.290285433973589,0.3853568824327457
2023-10-19,2023-10-20,VN:HT1,0.25,-0.016393442622950838,0,1.0,0.15463329621205785,0.28491597943133146,0.20132779775071447,0.14091211347412894,0.09636963760302011,0.27647447174080503,0.37284410934382517
2023-10-19,2023-10-20,VN:HDC,0.25,0.1473684210526316,0,4.0,0.1511809482818558,0.2838404690074781,0.20056782065129813,0.14702370324660233,0.09313715716787704,0.2754308499267444,0.36856800709462145
2023-10-31,2023-11-01,VN:VHM,0.25,0.055128205128205154,4,3.0,0.28645400380887076,0.277902086157274,0.17868108381773964,0.14043889416609354,0.09399727381775998,0.30898066204113284,0.4029779358588928
2023-10-31,2023-11-01,VN:MSN,0.25,0.134020618556701,4,4.0,0.1995570003953353,0.28696033572376023,0.1891585006502159,0.1421175907710015,0.09132727303599769,0.29043629981902463,0.3817635728550223
2023-10-31,2023-11-01,VN:VIC,0.25,0.11358024691358026,4,4.0,0.20372720062732697,0.285504549741745,0.18854160606861115,0.1416541188955307,0.09481063485145569,0.28948909044265747,0.38429972529411316
2023-11-10,2023-11-13,VN:VIC,0.25,-0.05672969966629593,4,0.0,0.28101834654808044,0.2796187400817871,0.1782563030719757,0.14010503888130188,0.09377381205558777,0.30824610590934753,0.4020199179649353
2023-11-10,2023-11-13,VN:VHM,0.25,-0.03664302600472802,4,0.0,0.21524152801160595,0.2817713702252916,0.1895267125823114,0.14239424891454724,0.09530601189452445,0.29100165638332537,0.3863076682778498
2023-11-10,2023-11-13,VN:MSN,0.25,-0.006482982171799101,4,1.0,0.19531474407996785,0.28898847318432086,0.18668016930431253,0.14436401534351717,0.089965083375313,0.2900022587925364,0.3799673421678494
2023-11-22,2023-11-23,VN:VIC,0.25,0.02261904761904776,4,2.0,0.27180947095865493,0.2876489651333926,0.1797098301459167,0.12734315815034664,0.0945384541698376,0.31075959240050643,0.405298046570344
2023-11-22,2023-11-23,VN:EVF,0.25,0.005988023952095967,4,1.0,0.3216186668624678,0.2553539142945603,0.18472947706947968,0.15584627471175846,0.09757751462576834,0.30649281929843325,0.4040703339242016
2023-11-22,2023-11-23,VN:VHM,0.25,0.016666666666666607,4,1.0,0.21524152801160595,0.2817713702252916,0.1895267125823114,0.14239424891454724,0.09530601189452445,0.29100165638332537,0.3863076682778498
2023-12-04,2023-12-05,VN:HAG,0.25,0.024590163934426368,4,2.0,0.3185521310136357,0.25596491265192367,0.1893828269655355,0.14923979786753053,0.09818630213100618,0.30722616038400413,0.4054124625150103
2023-12-04,2023-12-05,VN:EVF,0.25,-0.098314606741573,4,0.0,0.3177419701050368,0.2544606943015806,0.18720813235050537,0.15530113991574301,0.09760930461890477,0.3054207288132662,0.403030033432171
2023-12-04,2023-12-05,VN:VIC,0.25,0.006984866123399325,4,1.0,0.201823826161382,0.2980924293114607,0.19256112266422992,0.11705296661038647,0.09315531839661774,0.29913816301730517,0.3922934814139229
2023-12-14,2023-12-15,VN:HAG,0.25,0.011152416356877248,4,1.0,0.3143268576687064,0.25514468360584464,0.19198042011275573,0.14876156934528373,0.0978716679075981,0.30624165902851774,0.40411332693611585
2023-12-14,2023-12-15,VN:CII,0.25,0.02077151335311589,0,2.0,0.02146603896121657,0.2974396325838593,0.2083903684587004,0.15275792663724774,0.09975027218647098,0.24166180013372152,0.3414120723201925
2023-12-14,2023-12-15,VN:EVF,0.25,0.018987341772151778,0,2.0,0.03146890574297989,0.2694036086604268,0.22688321938278688,0.16909919805153606,0.10334128963456518,0.23127268427068504,0.3346139739052502
2023-12-26,2023-12-27,VN:HAG,0.25,0.01098901098901095,4,1.0,0.23681067851789805,0.26250887112698607,0.19752153901399327,0.15305525178503432,0.10069652721804773,0.28621781085593856,0.3869143380739863
2023-12-26,2023-12-27,VN:CTD,0.25,-0.027330953894294185,4,0.0,0.18770287000247443,0.26717422208709185,0.2010319143841241,0.15577537285612145,0.1024861217286027,0.27353236894405986,0.3760184906726626
2023-12-26,2023-12-27,VN:EVF,0.25,0.052959501557632516,0,3.0,0.040950505094952655,0.2718800780826772,0.21977644176290445,0.17065361869393503,0.1042912406791192,0.2333986207813641,0.3376898614604833
2024-01-08,2024-01-09,VN:HAG,0.25,0.11284046692607008,4,4.0,0.18770287000247443,0.26717422208709185,0.2010319143841241,0.15577537285612145,0.1024861217286027,0.27353236894405986,0.3760184906726626
2024-01-08,2024-01-09,VN:CTD,0.25,-0.04149854973830469,0,0.0,0.1387262855565079,0.27182709968218877,0.2045329197903505,0.15848822773629256,0.1042709268311342,0.2608808259600339,0.3651517527911681
2024-01-08,2024-01-09,VN:EVF,0.25,-0.11111111111111116,0,0.0,0.040950505094952655,0.2718800780826772,0.21977644176290445,0.17065361869393503,0.1042912406791192,0.2333986207813641,0.3376898614604833
2024-01-18,2024-01-19,VN:BSI,0.25,0.01338432122370925,4,1.0,0.29376047761202934,0.25889799577514816,0.19155295621349563,0.15094994345940524,0.09634394414001578,0.3022551604119352,0.39859910455195097
2024-01-18,2024-01-19,VN:HAG,0.25,-0.003731343283582156,4,1.0,0.18770287000247443,0.26717422208709185,0.2010319143841241,0.15577537285612145,0.1024861217286027,0.27353236894405986,0.3760184906726626
2024-01-18,2024-01-19,VN:EVF,0.25,-0.07624633431085048,0,0.0,0.040950505094952655,0.2718800780826772,0.21977644176290445,0.17065361869393503,0.1042912406791192,0.2333986207813641,0.3376898614604833
2024-01-30,2024-01-31,VN:BSI,0.25,0.0038022813688212143,4,1.0,0.2409018483690779,0.26337721747623966,0.1948670432353985,0.15356154625444451,0.10102962627239803,0.28716456676151925,0.3881941930339173
2024-01-30,2024-01-31,VN:HCM,0.25,-0.014845423936333035,4,1.0,0.2409018483690779,0.26337721747623966,0.1948670432353985,0.15356154625444451,0.10102962627239803,0.28716456676151925,0.3881941930339173
2024-01-30,2024-01-31,VN:HAG,0.25,-0.15719063545150502,4,0.0,0.23512767825180525,0.26064324184772936,0.19611775728972436,0.1590744394132909,0.09998088255538878,0.28418367889386653,0.3841645614492553
2024-02-16,2024-02-19,VN:SZC,0.25,0.04171632896305133,4,2.0,0.23681067851789805,0.26250887112698607,0.19752153901399327,0.15305525178503432,0.10069652721804773,0.28621781085593856,0.3869143380739863
2024-02-16,2024-02-19,VN:GVR,0.25,0.11444652908067532,4,4.0,0.23512767825180525,0.26064324184772936,0.19611775728972436,0.1590744394132909,0.09998088255538878,0.28418367889386653,0.3841645614492553
2024-02-16,2024-02-19,VN:HCM,0.25,0.0760636669727579,4,4.0,0.18770287000247443,0.26717422208709185,0.2010319143841241,0.15577537285612145,0.1024861217286027,0.27353236894405986,0.3760184906726626
2024-02-28,2024-02-29,VN:GVR,0.25,0.19723183391003474,4,4.0,0.26000900402685273,0.2582976875818749,0.19435288446440288,0.1576429044673496,0.09908115340205625,0.2906253700843164,0.38970652348637264
2024-02-28,2024-02-29,VN:FTS,0.25,0.20075469199960305,4,4.0,0.23472680151462555,0.2622298002243042,0.19875915348529816,0.15289254486560822,0.10020497441291809,0.28591352701187134,0.38611850142478943
2024-02-28,2024-02-29,VN:SZC,0.25,0.042873696407879525,4,2.0,0.2308697230563252,0.2612479089479426,0.2013762191245605,0.15232006055832045,0.10021283701537931,0.2848429743537972,0.3850558113691765
2024-03-11,2024-03-12,VN:FTS,0.25,0.018077524769685382,4,2.0,0.31407026989600956,0.25524016644268854,0.1920522706496953,0.14881723786553955,0.09753405084757394,0.3063562741945027,0.4038903250420766
2024-03-11,2024-03-12,VN:GVR,0.25,0.1302876480541455,4,4.0,0.26000900402685273,0.2582976875818749,0.19435288446440288,0.1576429044673496,0.09908115340205625,0.2906253700843164,0.38970652348637264
2024-03-11,2024-03-12,VN:CTS,0.25,0.014864864864864824,4,1.0,0.2308697230563252,0.2612479089479426,0.2013762191245605,0.15232006055832045,0.10021283701537931,0.2848429743537972,0.3850558113691765
2024-03-21,2024-03-22,VN:GVR,0.25,-0.046616541353383445,4,0.0,0.26547810830888313,0.2594188788446617,0.19085587845527946,0.1583271795261976,0.0995112225340489,0.29188684063981235,0.3913980631738613
2024-03-21,2024-03-22,VN:CTS,0.25,-0.022757697456492587,4,0.0,0.23681067851789805,0.26250887112698607,0.19752153901399327,0.15305525178503432,0.10069652721804773,0.28621781085593856,0.3869143380739863
2024-03-21,2024-03-22,VN:VCI,0.25,-0.0796087029853263,4,0.0,0.23681067851789805,0.26250887112698607,0.19752153901399327,0.15305525178503432,0.10069652721804773,0.28621781085593856,0.3869143380739863
2024-04-02,2024-04-03,VN:TCH,0.25,-0.07763975155279501,4,0.0,0.2839632076615573,0.2554432191765788,0.19780203994813622,0.15054671690682644,0.09798619297126224,0.2982218309971963,0.39620802396845856
2024-04-02,2024-04-03,VN:GVR,0.25,-0.20283687943262396,4,0.0,0.2673694953165317,0.2612669409528313,0.192215527768086,0.1523311402127637,0.10022013410433828,0.2939662569619807,0.394186391066319
2024-04-02,2024-04-03,VN:BSI,0.25,-0.21574803149606292,4,0.0,0.23651678507750057,0.26260995473548837,0.197597590124643,0.15311419735678736,0.10035024433806175,0.2863280134450195,0.3866782577830813
2024-04-12,2024-04-15,VN:CTS,0.25,-0.07901234567901239,4,0.0,0.23681067851789805,0.26250887112698607,0.19752153901399327,0.15305525178503432,0.10069652721804773,0.28621781085593856,0.3869143380739863
2024-04-12,2024-04-15,VN:TCH,0.25,0.017595307917888547,4,2.0,0.2293598915731923,0.2605786582741341,0.2017786621782383,0.15357331702748958,0.09995610863035756,0.2841132538897804,0.384069362520138
2024-04-12,2024-04-15,VN:FTS,0.25,-0.05203821107891793,4,0.0,0.1873561292886734,0.2672882676124573,0.20111772418022156,0.1558418720960617,0.10210300981998444,0.273649126291275,0.37575213611125946
2024-04-25,2024-04-26,VN:FRT,0.25,0.0823529411764703,0,4.0,0.014837734511775724,0.27087223731631216,0.22965735368175322,0.17002102859333923,0.10105428919981635,0.228395091208779,0.32944938040859534
2024-04-25,2024-04-26,VN:EVF,0.25,0.02583025830258312,0,2.0,-0.08861671124050882,0.3115407433646696,0.21369253952227416,0.1571887535694613,0.10228828780984021,0.21528967573375477,0.31757796354359497
2024-04-25,2024-04-26,VN:TCH,0.25,0.1803797468354429,0,4.0,-0.1071249395608902,0.2923641800880432,0.23005671799182892,0.16855446994304657,0.10970687866210938,0.19931775331497192,0.3090246319770813
2024-05-10,2024-05-13,VN:TCH,0.25,0.043010752688172005,4,2.0,0.2409018483690779,0.26337721747623966,0.1948670432353985,0.15356154625444451,0.10102962627239803,0.28716456676151925,0.3881941930339173
2024-05-10,2024-05-13,VN:PVT,0.25,0.0235294117647058,0,2.0,0.06794916787781446,0.2632078210770501,0.22965745456771958,0.166997356958707,0.09819491879496783,0.24194244860155545,0.3401373673965233
2024-05-10,2024-05-13,VN:FRT,0.25,-0.012765957446808307,0,1.0,0.01310938577190962,0.2713474590875587,0.23006024613886705,0.17031930133224574,0.09947721511904575,0.22879577832228276,0.32827299344132854
2024-05-22,2024-05-23,VN:FTS,0.25,0.006436106289224197,4,1.0,0.25726531062624886,0.259006526186965,0.19560883647786326,0.15414610275408472,0.10141420213260946,0.28982433244847755,0.39123853458108704
2024-05-22,2024-05-23,VN:CTS,0.25,0.02188940092165903,4,2.0,0.2409018483690779,0.26337721747623966,0.1948670432353985,0.15356154625444451,0.10102962627239803,0.28716456676151925,0.3881941930339173
2024-05-22,2024-05-23,VN:TCH,0.25,0.03626943005181338,4,2.0,0.2409018483690779,0.26337721747623966,0.1948670432353985,0.15356154625444451,0.10102962627239803,0.28716456676151925,0.3881941930339173
2024-06-03,2024-06-04,VN:TCH,0.25,-0.002512562814070418,4,1.0,0.2409018483690779,0.26337721747623966,0.1948670432353985,0.15356154625444451,0.10102962627239803,0.28716456676151925,0.3881941930339173
2024-06-03,2024-06-04,VN:DBC,0.25,0.008426966292134797,4,1.0,0.18048816650378458,0.26517504058517455,0.20533786408099736,0.1562822288828756,0.10171924379886324,0.27148562265208925,0.3732048664509525
2024-06-03,2024-06-04,VN:GVR,0.25,-0.04000000000000015,4,0.0,0.18048816650378458,0.26517504058517455,0.20533786408099736,0.1562822288828756,0.10171924379886324,0.27148562265208925,0.3732048664509525
2024-06-13,2024-06-14,VN:TCH,0.25,-0.03307888040712481,4,0.0,0.2409018483690779,0.26337721747623966,0.1948670432353985,0.15356154625444451,0.10102962627239803,0.28716456676151925,0.3881941930339173
2024-06-13,2024-06-14,VN:DBC,0.25,-0.04958677685950419,4,0.0,0.18048816650378458,0.26517504058517455,0.20533786408099736,0.1562822288828756,0.10171924379886324,0.27148562265208925,0.3732048664509525
2024-06-13,2024-06-14,VN:CTS,0.25,-0.12389380530973448,4,0.0,0.1763876878138687,0.26425395203393554,0.20809813463980362,0.15573938655076583,0.10136592690247079,0.2705425998730242,0.371908526775495
2024-06-25,2024-06-26,VN:GEE,0.25,0.03155281007751953,4,2.0,0.2409018483690779,0.26337721747623966,0.1948670432353985,0.15356154625444451,0.10102962627239803,0.28716456676151925,0.3881941930339173
2024-06-25,2024-06-26,VN:TCH,0.25,0.022670025188917142,0,2.0,0.12101283849794925,0.2748215537491672,0.2033344537516602,0.160234140757235,0.10541957773893443,0.25619027400300315,0.3616098517419376
2024-06-25,2024-06-26,VN:VND,0.25,0.009146341463414531,0,1.0,0.02670802215796747,0.2969611033344433,0.20983913853524833,0.14941412433108872,0.10044376701777827,0.24334186678144137,0.34378563379921967
2024-07-05,2024-07-08,VN:GEE,0.25,-0.12118914821032112,4,0.0,0.3143268576687064,0.25514468360584464,0.19198042011275573,0.14876156934528373,0.0978716679075981,0.30624165902851774,0.40411332693611585
2024-07-05,2024-07-08,VN:DXG,0.25,-0.09999999999999998,0,0.0,0.02670802215796747,0.2969611033344433,0.20983913853524833,0.14941412433108872,0.10044376701777827,0.24334186678144137,0.34378563379921967
2024-07-05,2024-07-08,VN:LPB,0.25,-0.013981111065286322,0,1.0,0.018319032676837654,0.2727427719665444,0.22610106558871867,0.17119511579286048,0.09998874887849207,0.22997229777338435,0.3299610466518764
2024-07-17,2024-07-18,VN:GEE,0.25,-0.21374173105786876,4,0.0,0.23681067851789805,0.26250887112698607,0.19752153901399327,0.15305525178503432,0.10069652721804773,0.28621781085593856,0.3869143380739863
2024-07-17,2024-07-18,VN:DXG,0.25,-0.029629629629629672,0,0.0,0.15425668827233135,0.28422202601201735,0.20083742585638814,0.14300454620254985,0.09613491981718988,0.2758010821118548,0.37193600192904464
2024-07-17,2024-07-18,VN:DXS,0.25,0.02752293577981635,0,2.0,0.02670802215796747,0.2969611033344433,0.20983913853524833,0.14941412433108872,0.10044376701777827,0.24334186678144137,0.34378563379921967
2024-07-29,2024-07-30,VN:LPB,0.25,-0.0335576451713534,0,0.0,0.014837734511775724,0.27087223731631216,0.22965735368175322,0.17002102859333923,0.10105428919981635,0.228395091208779,0.32944938040859534
2024-07-29,2024-07-30,VN:DXS,0.25,-0.01243339253996456,0,1.0,-0.08354062524780159,0.3097123778632851,0.21426006991967506,0.15760619820947797,0.10255993081212095,0.21586142319544088,0.31842135400756183
2024-07-29,2024-07-30,VN:PDR,0.25,-0.0843989769820972,0,0.0,-0.1558145754905726,0.31697160477893954,0.21928203432682208,0.16130027415305784,0.10496379591470653,0.197482290826474,0.30244608674118056
2024-08-08,2024-08-09,VN:VGC,0.25,0.13358778625954204,4,4.0,0.2270726503958751,0.276653560077053,0.1860843463695373,0.14223039256207937,0.10931549302723625,0.285716207964094,0.3950317009913303
2024-08-08,2024-08-09,VN:PDR,0.25,0.2658959537572254,0,4.0,0.15463329621205785,0.28491597943133146,0.20132779775071447,0.14091211347412894,0.09636963760302011,0.27647447174080503,0.37284410934382517
2024-08-08,2024-08-09,VN:DXS,0.25,0.11090909090909107,0,4.0,0.021839567342384347,0.30261577303021303,0.21201682880583514,0.1380139789735518,0.1014861576812773,0.24586726150912275,0.3473534191904001
2024-08-20,2024-08-21,VN:HAG,0.25,-0.01886792452830177,0,0.0,0.14938214198675542,0.28665875961394965,0.20083711742107396,0.1405686864172118,0.09613476550378255,0.27580067104398204,0.3719354365477646
2024-08-20,2024-08-21,VN:LPB,0.25,-0.012854345790414556,0,1.0,0.07361226583728397,0.2647185345345626,0.22527215052598826,0.16960555441383685,0.09644489807221962,0.2439588624533926,0.3404037605256122
2024-08-20,2024-08-21,VN:EVF,0.25,-0.06799999999999995,0,0.0,0.02670802215796747,0.2969611033344433,0.20983913853524833,0.14941412433108872,0.10044376701777827,0.24334186678144137,0.34378563379921967
2024-08-30,2024-09-04,VN:DXS,0.25,0.005042016806722671,0,1.0,0.14969584791945945,0.2865530337856124,0.20076306762585244,0.14051685155978355,0.09646807898485896,0.2756989680438926,0.3721670470287516
2024-08-30,2024-09-04,VN:HAG,0.25,-0.009389671361502261,0,1.0,0.14901923689188834,0.2859622452866362,0.20034914611729543,0.14265685848424262,0.09590118837651049,0.27513056173531525,0.37103175011182576
2024-08-30,2024-09-04,VN:EVF,0.25,-0.05327868852459028,0,0.0,0.027082995387404996,0.29684669664045266,0.2097582879590478,0.1493565633701254,0.1007903397318822,0.24324811229849197,0.3440384520303742
2024-09-13,2024-09-16,VN:CMG,0.25,0.015655624073808605,4,1.0,0.2118699433188132,0.2790765207868296,0.1877140877800299,0.15190938341482554,0.09308147569122129,0.28821853232709366,0.38130000801831493
2024-09-13,2024-09-16,VN:DXS,0.25,0.02941176470588225,0,2.0,0.02193637224937045,0.2986319705640073,0.2092257173244017,0.1489773414876661,0.10053444058499397,0.24263053003893092,0.3431649706239249
2024-09-13,2024-09-16,VN:VIX,0.25,0.09288472145615012,0,4.0,0.01389797031879425,0.301404744386673,0.2085128277540207,0.1484697312116623,0.09980890154838562,0.24180379509925842,0.34161269664764404
2024-09-25,2024-09-26,VN:BMP,0.25,-0.004855783237836309,0,1.0,-0.03534805827361426,0.27103925155161696,0.24050504327572947,0.17196615296551812,0.10111658425802864,0.21537296794910682,0.3164895522071355
2024-09-25,2024-09-26,VN:HCM,0.25,0.0,0,1.0,-0.03879263939272398,0.2748877067135616,0.2325601394093016,0.17440788187968906,0.10544495127432121,0.21269932072312653,0.31814427199744777
2024-09-25,2024-09-26,VN:PPC,0.25,0.0239043824701195,0,2.0,-0.19460330013481297,0.3433758888887175,0.2108215524940077,0.15563095990098297,0.08377238300612283,0.20639921571016895,0.2901715987162918
2024-10-07,2024-10-08,VN:CMG,0.25,0.023892362716235516,0,2.0,-0.03745271871042563,0.3045608585863986,0.20720801475614253,0.16230469337460796,0.09945114331501934,0.2264752899678316,0.3259264332828509
2024-10-07,2024-10-08,VN:DIG,0.25,-0.03456221198156684,0,0.0,-0.1558145754905726,0.31697160477893954,0.21928203432682208,0.16130027415305784,0.10496379591470653,0.197482290826474,0.30244608674118056
2024-10-07,2024-10-08,VN:EVF,0.25,0.03976757548507437,0,2.0,-0.1558145754905726,0.31697160477893954,0.21928203432682208,0.16130027415305784,0.10496379591470653,0.197482290826474,0.30244608674118056
2024-10-17,2024-10-18,VN:BMP,0.25,0.0,0,1.0,-0.050707712013904505,0.2750107903031887,0.2388638520410083,0.17261871438296564,0.10117110459251547,0.2123355386803219,0.3135066432728374
2024-10-17,2024-10-18,VN:EVF,0.25,0.03301886792452824,0,2.0,-0.1558145754905726,0.31697160477893954,0.21928203432682208,0.16130027415305784,0.10496379591470653,0.197482290826474,0.30244608674118056
2024-10-17,2024-10-18,VN:TCH,0.25,-0.07012195121951215,0,0.0,-0.16090302023675368,0.31900067325683956,0.21880947868561293,0.16039550901932675,0.10473760607606195,0.1970567329621588,0.3017943390382207
2024-10-29,2024-10-30,VN:BMP,0.25,-0.05039317265177523,0,0.0,-0.04526793245425775,0.27658668366511674,0.23450230236725733,0.17360787222987317,0.1017508439850125,0.2135522977527402,0.3153031417377527
2024-10-29,2024-10-30,VN:VTP,0.25,0.27647996566418365,0,4.0,-0.09854075312614441,0.2867037355899811,0.23453907668590546,0.1689702570438385,0.10997749865055084,0.19980943202972412,0.30978693068027496
2024-10-29,2024-10-30,VN:GEE,0.25,-0.0265444670739986,0,0.0,-0.16039491416789203,0.31886105174695184,0.21871371054859656,0.16032531084084412,0.1051294403581071,0.19697048650550036,0.3020999268636075
2024-11-08,2024-11-11,VN:VTP,0.25,0.1297038845390035,4,4.0,0.2618531513766394,0.260129787329727,0.19573142217789358,0.151668120970372,0.09978393017601758,0.2926867393459898,0.3924706695220074
2024-11-08,2024-11-11,VN:GEE,0.25,-0.013396537510304896,0,1.0,-0.16039491416789203,0.31886105174695184,0.21871371054859656,0.16032531084084412,0.1051294403581071,0.19697048650550036,0.3020999268636075
2024-11-08,2024-11-11,VN:BMP,0.25,-0.04766620932789367,0,0.0,-0.11751775925939323,0.28314878903741864,0.24006592690797313,0.17772675653412737,0.10416491841901276,0.19489360910146813,0.2990585275204809
2024-11-20,2024-11-21,VN:VTP,0.25,0.2555162478573252,4,4.0,0.18641688258014133,0.26729639767192903,0.201123844062004,0.15584659228071737,0.10253298798502264,0.2732001780003269,0.37573316598534956
2024-11-20,2024-11-21,VN:VIX,0.25,0.053702511268512554,0,3.0,-0.15056716089818029,0.32350404845535574,0.21137630152045558,0.1634484468605948,0.09859818597889744,0.20307301718469645,0.30167120316359386
2024-11-20,2024-11-21,VN:GEX,0.25,0.09165613147914042,0,4.0,-0.15536312295904392,0.32162212366991866,0.21659218619489115,0.16249761991209924,0.09669545004679411,0.2025926201762968,0.2992880702230909
2024-12-02,2024-12-03,VN:VTP,0.25,0.04612882105004701,4,2.0,0.2673694953165317,0.2612669409528313,0.192215527768086,0.1523311402127637,0.10022013410433828,0.2939662569619807,0.394186391066319
2024-12-02,2024-12-03,VN:CMG,0.25,-0.012430849332899507,0,1.0,-0.1912956748323586,0.3167039312405617,0.2301072077405211,0.16045901952122066,0.10298506455190191,0.18974477694579467,0.2927298414976966
2024-12-02,2024-12-03,VN:GEE,0.25,-0.06249550521395175,0,0.0,-0.1931282757688801,0.3120320783858311,0.23793264087934257,0.15819370982339545,0.10332809542608404,0.18851347548534686,0.2918415709114309
2024-12-12,2024-12-13,VN:VTP,0.25,0.0,4,1.0,0.18641688258014133,0.26729639767192903,0.201123844062004,0.15584659228071737,0.10253298798502264,0.2732001780003269,0.37573316598534956
2024-12-12,2024-12-13,VN:CMG,0.25,-0.021357775633716214,0,0.0,-0.19180670982743275,0.31683978202313345,0.23020592160369513,0.16052783906066537,0.10260029805749432,0.18982615925501167,0.292426457312506
2024-12-12,2024-12-13,VN:GEE,0.25,0.159767496661692,0,4.0,-0.19301386177539825,0.31184718012809753,0.23779164254665375,0.15869255363941193,0.10326686501502991,0.18840175867080688,0.2916686236858368
2024-12-24,2024-12-25,VN:VTP,0.25,0.04107348043702652,4,2.0,0.18641688258014133,0.26729639767192903,0.201123844062004,0.15584659228071737,0.10253298798502264,0.2732001780003269,0.37573316598534956
2024-12-24,2024-12-25,VN:BMP,0.25,-0.03845762021189891,0,0.0,-0.09012508392333984,0.27777430415153503,0.25209540128707886,0.16712862253189087,0.09574304521083832,0.20725862681865692,0.30300167202949524
2024-12-24,2024-12-25,VN:CMG,0.25,-0.09873198463280841,0,0.0,-0.1912956748323586,0.3167039312405617,0.2301072077405211,0.16045901952122066,0.10298506455190191,0.18974477694579467,0.2927298414976966
2025-01-06,2025-01-07,VN:VTP,0.25,0.10247173378036178,4,4.0,0.23480728968403614,0.26898375955175635,0.19348885695603063,0.149930422005964,0.0982636093575838,0.28933335212866523,0.387596961486249
2025-01-06,2025-01-07,VN:EVF,0.25,0.0776470588235294,0,4.0,-0.04196962901814108,0.31235791649034245,0.2107059751766611,0.14408098805312758,0.10255659085020084,0.23029852942966803,0.33285512027986885
2025-01-06,2025-01-07,VN:PVD,0.25,0.008714596949890963,0,1.0,-0.21637925828068344,0.33192539709695273,0.2223552349560743,0.16509534664594153,0.08602264651689896,0.19460137478413247,0.2806240213010314
2025-01-16,2025-01-17,VN:VTP,0.25,-0.05639408663289558,4,0.0,0.2615714928273634,0.2602290472354137,0.19580611294796896,0.1517259902994932,0.09944042415260637,0.2927984253645178,0.3922388495171242
2025-01-16,2025-01-17,VN:CMG,0.25,-0.044459823878958526,0,0.0,-0.19460710013179033,0.31209863817250855,0.23798339495137058,0.15945176067418929,0.10191252372059866,0.18855368248133292,0.2904662062019316
2025-01-16,2025-01-17,VN:GEE,0.25,0.3921582429959174,0,4.0,-0.19743405292056307,0.3137327613781109,0.2371955276580331,0.15770363220186412,0.10343861939614193,0.18792945936584995,0.2913680787619919
2025-02-04,2025-02-05,VN:GEE,0.25,0.3127244599149124,4,4.0,0.2839632076615573,0.2554432191765788,0.19780203994813622,0.15054671690682644,0.09798619297126224,0.2982218309971963,0.39620802396845856
2025-02-04,2025-02-05,VN:VTP,0.25,-0.06625952137934532,0,0.0,0.1595223733889526,0.27630709984212143,0.19875676485694727,0.15401240839036387,0.10093892140077976,0.26998480550978765,0.3709237269105674
2025-02-04,2025-02-05,VN:CMG,0.25,-0.01100152664356513,0,1.0,-0.19484562862319418,0.3124812017190725,0.238275116047452,0.15842141565132326,0.10203745444202694,0.1887848121401253,0.29082226658215227
2025-02-14,2025-02-17,VN:GEE,0.25,0.253501971984224,4,4.0,0.3199619802841102,0.2562385740226826,0.188516120869306,0.1493993666157268,0.09829128313903623,0.3075546553532484,0.4058459384922846
2025-02-14,2025-02-17,VN:VTP,0.25,0.006407657459147842,0,1.0,0.1387262855565079,0.27182709968218877,0.2045329197903505,0.15848822773629256,0.1042709268311342,0.2608808259600339,0.3651517527911681
2025-02-14,2025-02-17,VN:CMG,0.25,-0.01889790729513019,0,0.0,-0.17609952301157722,0.3106350418416799,0.23686737704528038,0.157528525498827,0.10143461456278766,0.1935344410514251,0.2949690556142127
2025-02-26,2025-02-27,VN:GEE,0.25,0.12279751588677068,4,4.0,0.2673694953165317,0.2612669409528313,0.192215527768086,0.1523311402127637,0.10022013410433828,0.2939662569619807,0.394186391066319
2025-02-26,2025-02-27,VN:CTD,0.25,-0.1036718364002267,0,0.0,0.011361979032769698,0.26994452081579356,0.23229572350007088,0.16943872101186752,0.10070817992618813,0.22761285474607984,0.328321034672268
2025-02-26,2025-02-27,VN:VTP,0.25,-0.02007233772329442,0,0.0,-0.0955013632774353,0.2879629135131836,0.231637105345726,0.1697123646736145,0.11000064015388489,0.200686976313591,0.3106876164674759
2025-03-10,2025-03-11,VN:GEE,0.25,0.06036667654125938,4,3.0,0.2673694953165317,0.2612669409528313,0.192215527768086,0.1523311402127637,0.10022013410433828,0.2939662569619807,0.394186391066319
2025-03-10,2025-03-11,VN:SJS,0.25,0.04945598417408492,0,3.0,-0.024631217856145388,0.2770524405554664,0.2384123128179405,0.16491042569012718,0.09549424336833487,0.224130577568131,0.3196248209364659
2025-03-10,2025-03-11,VN:FTS,0.25,-0.02558677360625894,0,0.0,-0.003029957503973141,0.27050808878267074,0.23273972370444904,0.17162915085640998,0.1023215831017966,0.2228014535546736,0.3251230366564702
2025-03-20,2025-03-21,VN:GEE,0.25,-0.022217071717104964,4,0.0,0.2673694953165317,0.2612669409528313,0.192215527768086,0.1523311402127637,0.10022013410433828,0.2939662569619807,0.394186391066319
2025-03-20,2025-03-21,VN:FTS,0.25,-0.1858818267653929,0,0.0,-0.020234227180480957,0.27256736159324646,0.23451147973537445,0.17293569445610046,0.10027220845222473,0.2197132557630539,0.3199854642152786
2025-03-20,2025-03-21,VN:SJS,0.25,-0.136,0,0.0,-0.06418739956477726,0.2806757369587143,0.24153026758484342,0.16706713909605786,0.09674311357182924,0.21398374278855514,0.3107268563603844
2025-04-01,2025-04-02,VN:GEE,0.25,0.2570869373066482,4,4.0,0.26708866803894943,0.26136707675381576,0.1922891991073817,0.15238952296101624,0.09987529143969809,0.2940789097380882,0.3939542011777863
2025-04-01,2025-04-02,VN:CMG,0.25,-0.15695899089637844,0,0.0,0.02670802215796747,0.2969611033344433,0.20983913853524833,0.14941412433108872,0.10044376701777827,0.24334186678144137,0.34378563379921967
2025-04-01,2025-04-02,VN:CTR,0.25,-0.13056680161943324,0,0.0,-0.05679849577544993,0.31387576694693986,0.20508521948073222,0.15858382104772195,0.0956636599873279,0.22679153253727802,0.3224551925246059
2025-04-14,2025-04-15,VN:TLG,0.25,0.036911208746296165,4,2.0,0.1951543390750885,0.28552693128585815,0.19219231605529785,0.14385786652565002,0.08843407034873962,0.28998881578445435,0.37842288613319397
2025-04-14,2025-04-15,VN:GEE,0.25,0.2996900888014782,4,4.0,0.23480728968403614,0.26898375955175635,0.19348885695603063,0.149930422005964,0.0982636093575838,0.28933335212866523,0.387596961486249
2025-04-14,2025-04-15,VN:CTR,0.25,-0.0022988505747124632,0,1.0,0.17003037147110805,0.29103269088891554,0.1855326672817518,0.14582408421396895,0.09760162615770004,0.28000893145766365,0.37761055761536366
2025-04-24,2025-04-25,VN:SCS,0.25,0.10409367681498827,4,4.0,0.260588006811112,0.28220241631115045,0.18483960215360815,0.13857298779696997,0.08666126981389664,0.3077237239243748,0.39438499373827146
2025-04-24,2025-04-25,VN:FPT,0.25,0.11607619167163508,4,4.0,0.22878313064575195,0.28777554631233215,0.19008004665374756,0.1403193175792694,0.07553049921989441,0.30629459023475647,0.3818250894546509
2025-04-24,2025-04-25,VN:SZC,0.25,0.11202635914332792,4,4.0,0.2030707955131621,0.28800865793221697,0.18764254310993445,0.1426367749077322,0.0892027088314093,0.29250931521870704,0.38171202405011634
2025-05-09,2025-05-12,VN:SCS,0.25,0.051674290942360424,4,3.0,0.25229768455028534,0.2798202335834503,0.18935492634773254,0.13978402316570282,0.08591468632221222,0.3051261305809021,0.3910408169031143
2025-05-09,2025-05-12,VN:VHC,0.25,0.12959381044487417,4,4.0,0.2017918615999263,0.28711267450116057,0.18770597315710863,0.14465681777427145,0.08892520997151107,0.29159932459594834,0.3805245345674594
2025-05-09,2025-05-12,VN:SZC,0.25,0.10971786833855801,4,4.0,0.19715736197638634,0.28905005555078633,0.18671994745969536,0.14439477671957507,0.08876412013608755,0.2910711001338556,0.37983522026994315
2025-05-21,2025-05-22,VN:PVD,0.25,0.06267029972752036,4,3.0,0.24470019736736132,0.2876891961236657,0.1916524235165526,0.12658398777616078,0.08524608230980862,0.30882831027381225,0.39407439258362087
2025-05-21,2025-05-22,VN:GEE,0.25,-0.015167412152336746,4,1.0,0.2401431217842966,0.27014611177690745,0.19000374488546495,0.15057829583355398,0.09868822614432224,0.2905836213597514,0.3892718475040736
2025-05-21,2025-05-22,VN:VTP,0.25,-0.035252216891990096,0,0.0,0.15281509318396713,0.28329400072377925,0.20018166900222506,0.1467406346422623,0.09488316163072472,0.27490053400100867,0.3697836956317334
2025-06-02,2025-06-03,VN:GEE,0.25,-0.02041498708970324,4,0.0,0.2401431217842966,0.27014611177690745,0.19000374488546495,0.15057829583355398,0.09868822614432224,0.2905836213597514,0.3892718475040736
2025-06-02,2025-06-03,VN:PVD,0.25,0.11488250652741505,0,4.0,0.1167096180214045,0.3041009559616304,0.19833725395296137,0.13099922044576376,0.0882194625106534,0.2783431071289911,0.36656256963964445
2025-06-02,2025-06-03,VN:VTP,0.25,0.06746470461159193,0,3.0,0.15312421375415852,0.2846025972978635,0.20110636508274493,0.14319603891948068,0.09492461133355111,0.2761703873663598,0.3710949986999109
2025-06-12,2025-06-13,VN:BCM,0.25,0.0844617816882045,4,4.0,0.20257016130000832,0.28729859850700495,0.18717994353711437,0.144750495098546,0.08898279336043577,0.29178816949689895,0.3807709628573347
2025-06-12,2025-06-13,VN:SZC,0.25,0.14648729446935715,4,4.0,0.19974323510932357,0.28758892631224486,0.18736909469492058,0.1448967765636502,0.08907271242940956,0.29107248999977475,0.3801452024291843
2025-06-12,2025-06-13,VN:SIP,0.25,0.05683460167613896,4,3.0,0.21524152801160595,0.2817713702252916,0.1895267125823114,0.14239424891454724,0.09530601189452445,0.29100165638332537,0.3863076682778498
2025-06-24,2025-06-25,VN:DXS,0.25,0.06888888888888878,4,3.0,0.19592707443019963,0.26398796629869836,0.20441865040119442,0.15558262633033473,0.0998553067402633,0.27615545022950916,0.3760107569697725
2025-06-24,2025-06-25,VN:GEE,0.25,-0.040399396859254866,4,0.0,0.1835774386995267,0.26822925413338106,0.2018257737703852,0.15639050770969712,0.09940083621146786,0.2741536281750687,0.3735544643865366
2025-06-24,2025-06-25,VN:SIP,0.25,0.05653228816722655,0,3.0,0.07527920603752136,0.28988754749298096,0.20144954323768616,0.15779414772987366,0.09805122017860413,0.2528175413608551,0.35086876153945923
2025-07-04,2025-07-07,VN:GEE,0.25,0.26527570789865873,4,4.0,0.23419499048300102,0.2634085675566112,0.19819849434199194,0.1535798139336733,0.09761437628247774,0.28719874788524585,0.3848131241677236
2025-07-04,2025-07-07,VN:DXS,0.25,0.23913043478260887,4,4.0,0.18479333210582527,0.2671610434886891,0.20249681325626978,0.1557676952761985,0.10105555579852726,0.27351889218031533,0.3745744479788426
2025-07-04,2025-07-07,VN:VIX,0.25,0.4192523821158074,0,4.0,0.06794916787781446,0.2632078210770501,0.22965745456771958,0.166997356958707,0.09819491879496783,0.24194244860155545,0.3401373673965233
2025-07-16,2025-07-17,VN:GEE,0.25,0.07678712020180933,4,4.0,0.28924116061268507,0.2654928823487031,0.18779001850202653,0.1479846068026929,0.09409026661380729,0.30464222573277017,0.3987324923465775
2025-07-16,2025-07-17,VN:DXS,0.25,0.06280193236714982,4,3.0,0.20725790820415801,0.26686064997297115,0.19744433922983426,0.15559255265334346,0.10094191352580939,0.27916054461804174,0.38010245814385113
2025-07-16,2025-07-17,VN:TCH,0.25,-0.04761904761904767,0,0.0,0.13307141861106697,0.2620941322417816,0.21546236528568372,0.16451119886305335,0.10053743122406508,0.25739487238541625,0.35793230360948136
2025-07-28,2025-07-29,VN:DXS,0.25,0.06751054852320681,4,3.0,0.3199619802841102,0.2562385740226826,0.188516120869306,0.1493993666157268,0.09829128313903623,0.3075546553532484,0.4058459384922846
2025-07-28,2025-07-29,VN:GEE,0.25,-0.0038959015116099005,4,1.0,0.23789584991180673,0.2709450762114685,0.19056569323786637,0.1510236434791035,0.09602253282103737,0.29144305425052425,0.38746558707156165
2025-07-28,2025-07-29,VN:DXG,0.25,0.031026252983293645,0,2.0,0.0422422950958693,0.27221747624388015,0.2188081990448788,0.17086539780649398,0.10442066704286634,0.2336882598618807,0.33810892690474703
2025-08-07,2025-08-08,VN:SJS,0.25,-0.11267605633802813,4,0.0,0.26708866803894943,0.26136707675381576,0.1922891991073817,0.15238952296101624,0.09987529143969809,0.2940789097380882,0.3939542011777863
2025-08-07,2025-08-08,VN:VSC,0.25,0.13872832369942212,4,4.0,0.2618531513766394,0.260129787329727,0.19573142217789358,0.151668120970372,0.09978393017601758,0.2926867393459898,0.3924706695220074
2025-08-07,2025-08-08,VN:DXS,0.25,-0.057613168724279906,4,0.0,0.23681067851789805,0.26250887112698607,0.19752153901399327,0.15305525178503432,0.10069652721804773,0.28621781085593856,0.3869143380739863
2025-08-19,2025-08-20,VN:DXS,0.25,-0.02692307692307694,4,0.0,0.3143268576687064,0.25514468360584464,0.19198042011275573,0.14876156934528373,0.0978716679075981,0.30624165902851774,0.40411332693611585
2025-08-19,2025-08-20,VN:SJS,0.25,0.12671755725190836,4,4.0,0.2618531513766394,0.260129787329727,0.19573142217789358,0.151668120970372,0.09978393017601758,0.2926867393459898,0.3924706695220074
2025-08-19,2025-08-20,VN:PDR,0.25,-0.08949416342412453,4,0.0,0.26000900402685273,0.2582976875818749,0.19435288446440288,0.1576429044673496,0.09908115340205625,0.2906253700843164,0.38970652348637264
2025-08-29,2025-09-03,VN:VIX,0.25,-0.018576143328618566,4,0.0,0.2401431217842966,0.27014611177690745,0.19000374488546495,0.15057829583355398,0.09868822614432224,0.2905836213597514,0.3892718475040736
2025-08-29,2025-09-03,VN:DXS,0.25,-0.0038610038610037423,4,1.0,0.2409018483690779,0.26337721747623966,0.1948670432353985,0.15356154625444451,0.10102962627239803,0.28716456676151925,0.3881941930339173
2025-08-29,2025-09-03,VN:ANV,0.25,0.018416206261510082,4,2.0,0.18770287000247443,0.26717422208709185,0.2010319143841241,0.15577537285612145,0.1024861217286027,0.27353236894405986,0.3760184906726626
2025-09-12,2025-09-15,VN:SJS,0.25,-0.1144736842105264,4,0.0,0.2615714928273634,0.2602290472354137,0.19580611294796896,0.1517259902994932,0.09944042415260637,0.2927984253645178,0.3922388495171242
2025-09-12,2025-09-15,VN:VIX,0.25,0.03141822121407056,4,2.0,0.2401431217842966,0.27014611177690745,0.19000374488546495,0.15057829583355398,0.09868822614432224,0.2905836213597514,0.3892718475040736
2025-09-12,2025-09-15,VN:DXS,0.25,-0.09926470588235292,4,0.0,0.2409018483690779,0.26337721747623966,0.1948670432353985,0.15356154625444451,0.10102962627239803,0.28716456676151925,0.3881941930339173
2025-09-24,2025-09-25,VN:VIX,0.25,0.014820019802612716,4,1.0,0.23480728968403614,0.26898375955175635,0.19348885695603063,0.149930422005964,0.0982636093575838,0.28933335212866523,0.387596961486249
2025-09-24,2025-09-25,VN:GEX,0.25,0.06477542677200154,4,3.0,0.2431399298650006,0.26120359483968003,0.19325884262498744,0.15941644190002804,0.09977869986828267,0.2863424207670218,0.38612112063530446
2025-09-24,2025-09-25,VN:DXS,0.25,-0.07307692307692304,4,0.0,0.1917016715429598,0.26807376542632455,0.19834190459294687,0.15629984321966883,0.10283117664731162,0.2744533101137481,0.3772844867610597
2025-10-06,2025-10-07,VN:VIX,0.25,-0.082995066508462,4,0.0,0.23480728968403614,0.26898375955175635,0.19348885695603063,0.149930422005964,0.0982636093575838,0.28933335212866523,0.387596961486249
2025-10-06,2025-10-07,VN:VIC,0.25,0.1296605453533668,4,4.0,0.23846390843391418,0.2682570517063141,0.18867509067058563,0.15651807188987732,0.09799812734127045,0.2885516583919525,0.38654978573322296
2025-10-06,2025-10-07,VN:ANV,0.25,-0.009493670886075889,4,1.0,0.23681067851789805,0.26250887112698607,0.19752153901399327,0.15305525178503432,0.10069652721804773,0.28621781085593856,0.3869143380739863
2025-10-16,2025-10-17,VN:GEX,0.25,-0.3256907179919287,4,0.0,0.36072592437267303,0.2552325427532196,0.18427790701389313,0.1452169567346573,0.09517443180084229,0.3200981616973877,0.41527259349823
2025-10-16,2025-10-17,VN:VIX,0.25,-0.3413231064237775,4,0.0,0.2872035854518147,0.2638869265922388,0.18982252337170746,0.14708945045553556,0.09640166836677738,0.30279943121374076,0.39920109958051814
2025-10-16,2025-10-17,VN:GEE,0.25,-0.019167217448777252,4,0.0,0.23789584991180673,0.2709450762114685,0.19056569323786637,0.1510236434791035,0.09602253282103737,0.29144305425052425,0.38746558707156165
2025-10-28,2025-10-29,VN:VIC,0.25,-0.040436165379373,4,0.0,0.2401431217842966,0.27014611177690745,0.19000374488546495,0.15057829583355398,0.09868822614432224,0.2905836213597514,0.3892718475040736
2025-10-28,2025-10-29,VN:GEE,0.25,-0.03833323463808458,4,0.0,0.23255388559974294,0.2697758775120928,0.19405864902059172,0.15037192964449264,0.09560817091197413,0.2901853729108487,0.3857935438228228
2025-10-28,2025-10-29,VN:LPB,0.25,-0.07387661843107385,0,0.0,0.011361979032769698,0.26994452081579356,0.23229572350007088,0.16943872101186752,0.10070817992618813,0.22761285474607984,0.328321034672268
2025-11-07,2025-11-10,VN:GEX,0.25,0.026166435689302325,0,2.0,0.14839496352974346,0.28476437714126424,0.19950990230210197,0.14624820540660466,0.09549946266785664,0.27397805248217244,0.3694775151500291
2025-11-07,2025-11-10,VN:GEE,0.25,0.10254834745488628,0,4.0,0.15697973732680476,0.277142997426644,0.19935804308417376,0.15447832413795107,0.0982190653947135,0.27080156995651766,0.3690206353512312
2025-11-07,2025-11-10,VN:VIC,0.25,0.2168252378567852,0,4.0,0.1595223733889526,0.27630709984212143,0.19875676485694727,0.15401240839036387,0.10093892140077976,0.26998480550978765,0.3709237269105674
2025-11-19,2025-11-20,VN:VIC,0.25,0.2952380952380953,4,4.0,0.23480728968403614,0.26898375955175635,0.19348885695603063,0.149930422005964,0.0982636093575838,0.28933335212866523,0.387596961486249
2025-11-19,2025-11-20,VN:BSI,0.25,-0.04825090470446325,4,0.0,0.2129034575916054,0.27871056768200025,0.1874679285108761,0.15171017903737324,0.09427072642138466,0.2878405983483658,0.38211132476975046
2025-11-19,2025-11-20,VN:EIB,0.25,0.011111111111111072,4,1.0,0.2001866310890506,0.2787024163813119,0.1920301077374848,0.15041594655561288,0.09346650819380606,0.2853850211317844,0.3788515293255904
2025-12-01,2025-12-02,VN:VCI,0.25,0.023949128747212667,4,2.0,0.2002373903954418,0.2883004205182132,0.1878326358224059,0.142781270402949,0.08929307625751083,0.29179259699892107,0.3810856732564319
2025-12-01,2025-12-02,VN:BSI,0.25,-0.03069053708439906,4,0.0,0.21524152801160595,0.2817713702252916,0.1895267125823114,0.14239424891454724,0.09530601189452445,0.29100165638332537,0.3863076682778498
2025-12-01,2025-12-02,VN:VIC,0.25,0.058910707669507456,4,3.0,0.2401431217842966,0.27014611177690745,0.19000374488546495,0.15057829583355398,0.09868822614432224,0.2905836213597514,0.3892718475040736
2025-12-11,2025-12-12,VN:VIC,0.25,0.09383561643835603,4,4.0,0.2401431217842966,0.27014611177690745,0.19000374488546495,0.15057829583355398,0.09868822614432224,0.2905836213597514,0.3892718475040736
2025-12-11,2025-12-12,VN:VGC,0.25,-0.021327014218009643,0,0.0,0.15425668827233135,0.28422202601201735,0.20083742585638814,0.14300454620254985,0.09613491981718988,0.2758010821118548,0.37193600192904464
2025-12-11,2025-12-12,VN:VSC,0.25,-0.04245283018867918,0,0.0,0.14632340629639784,0.2862944624296908,0.20058189481930355,0.14452976096071124,0.09314370969790003,0.2754501720923943,0.36859388179029434
2025-12-23,2025-12-24,VN:VIC,0.25,-0.03649205414949985,4,0.0,0.2401431217842966,0.27014611177690745,0.19000374488546495,0.15057829583355398,0.09868822614432224,0.2905836213597514,0.3892718475040736
2025-12-23,2025-12-24,VN:DGC,0.25,-0.07142857142857129,4,0.0,0.20699345757076953,0.286516423724347,0.19121870113583356,0.12805940019995868,0.10568570933214264,0.28851976560771814,0.3942054749398608
2025-12-23,2025-12-24,VN:VGC,0.25,0.10012062726176119,0,4.0,0.15463329621205785,0.28491597943133146,0.20132779775071447,0.14091211347412894,0.09636963760302011,0.27647447174080503,0.37284410934382517
2026-01-06,2026-01-07,VN:DGC,0.25,0.17142857142857149,4,4.0,0.18002499565575258,0.30098776150449225,0.19443144628522718,0.13223614291236338,0.07030099147189377,0.3020436578260235,0.3723446492979173
2026-01-06,2026-01-07,VN:VIC,0.25,-0.06932409012131713,4,0.0,0.2401431217842966,0.27014611177690745,0.19000374488546495,0.15057829583355398,0.09868822614432224,0.2905836213597514,0.3892718475040736
2026-01-06,2026-01-07,VN:BSI,0.25,0.04786860288089945,4,2.0,0.2093866886806493,0.2828064624102368,0.18860567037624873,0.14415753209943025,0.09484286073244051,0.28958747438164373,0.38443033511408425
2026-01-16,2026-01-19,VN:DGC,0.25,0.028787878787878807,4,2.0,0.19084622250268196,0.29161632495546824,0.19462234071824464,0.1303388197770539,0.09078316525791831,0.2926393492913149,0.3834225145492332
2026-01-16,2026-01-19,VN:GVR,0.25,0.19220055710306405,4,4.0,0.23512767825180525,0.26064324184772936,0.19611775728972436,0.1590744394132909,0.09998088255538878,0.28418367889386653,0.3841645614492553
2026-01-16,2026-01-19,VN:CTS,0.25,-0.06802103431316908,0,0.0,0.15219196725892858,0.2857387810958286,0.20190920988741867,0.1413190587552891,0.09376005572319321,0.2772728945382704,0.37103295026146366
2026-01-28,2026-01-29,VN:VCG,0.25,-0.028277634961439646,4,0.0,0.1923374476332233,0.2858136807139611,0.19238533996387303,0.1440023438929813,0.08852287863126759,0.289275756797917,0.37779863542918457
2026-01-28,2026-01-29,VN:CTS,0.25,-0.0032278088144009898,0,1.0,0.15219196725892858,0.2857387810958286,0.20190920988741867,0.1413190587552891,0.09376005572319321,0.2772728945382704,0.37103295026146366
2026-01-28,2026-01-29,VN:HDC,0.25,-0.009303320322942787,0,1.0,0.15349857453636817,0.2852984220006395,0.20159803769598705,0.1411012635550734,0.09515668700563305,0.27684558974266704,0.3720022767483001
2026-02-09,2026-02-10,VN:VJC,0.25,-0.010904850452267634,0,1.0,0.1510848186425201,0.28611193808412827,0.20217288126768704,0.14150359594060796,0.09257658902213324,0.2776349956854435,0.3702115847075767
2026-02-09,2026-02-10,VN:CTS,0.25,0.03997954138607107,0,2.0,0.15219196725892858,0.2857387810958286,0.20190920988741867,0.1413190587552891,0.09376005572319321,0.2772728945382704,0.37103295026146366
2026-02-09,2026-02-10,VN:HDC,0.25,-0.11692729766803844,0,0.0,0.1538075076860373,0.2851942969413736,0.2015244587687977,0.14104975234531789,0.09548695774797508,0.2767445341965357,0.3722314919445108
2026-02-26,2026-02-27,VN:VIC,0.25,-0.14328004736530497,4,0.0,0.26903622941618816,0.26168435422056385,0.1966374189162639,0.14888776616919389,0.09466451265417766,0.2981259480398007,0.3927904606939784
2026-02-26,2026-02-27,VN:PVD,0.25,-0.005347593582887611,4,1.0,0.26000900402685273,0.2582976875818749,0.19435288446440288,0.1576429044673496,0.09908115340205625,0.2906253700843164,0.38970652348637264
2026-02-26,2026-02-27,VN:CTS,0.25,-0.14620612006916234,0,0.0,0.15219196725892858,0.2857387810958286,0.20190920988741867,0.1413190587552891,0.09376005572319321,0.2772728945382704,0.37103295026146366
2026-03-10,2026-03-11,VN:DBC,0.25,-0.008691809074837908,4,1.0,0.20714625716209412,0.27932727336883545,0.1941109597682953,0.14360496401786804,0.09447932243347168,0.28847748041152954,0.3829568028450012
2026-03-10,2026-03-11,VN:HDC,0.25,0.03798063995697776,0,2.0,0.13288346328984096,0.2922463802172655,0.20650762935005515,0.14453754259757826,0.07312074521543817,0.283587702619663,0.35670844783510114
2026-03-10,2026-03-11,VN:CII,0.25,0.2297297297297296,0,4.0,0.15219196725892858,0.2857387810958286,0.20190920988741867,0.1413190587552891,0.09376005572319321,0.2772728945382704,0.37103295026146366
2026-03-20,2026-03-23,VN:BMP,0.25,-0.038608840509885,4,0.0,0.1997179180257581,0.2875980267345023,0.18737503233738387,0.144901356618167,0.08904387454884684,0.2910817097610999,0.38012558430994675
2026-03-20,2026-03-23,VN:DGC,0.25,-0.023423423423423406,0,0.0,0.15781550501699365,0.2992556326257669,0.19977592975402036,0.11591773966138647,0.09952469692696564,0.2855260010318607,0.38505069795882635
2026-03-20,2026-03-23,VN:VJC,0.25,0.039415503376228456,0,2.0,0.1510848186425201,0.28611193808412827,0.20217288126768704,0.14150359594060796,0.09257658902213324,0.2776349956854435,0.3702115847075767
2026-04-01,2026-04-02,VN:DBC,0.25,0.0,4,1.0,0.21524152801160595,0.2817713702252916,0.1895267125823114,0.14239424891454724,0.09530601189452445,0.29100165638332537,0.3863076682778498
2026-04-01,2026-04-02,VN:BMP,0.25,0.12624045034177733,4,4.0,0.20002135038391766,0.2816805264478961,0.1938305809634222,0.1433975409224446,0.09303053537778955,0.2880608162884475,0.38109135166623703
2026-04-01,2026-04-02,VN:CTS,0.25,-0.03203494721514377,0,0.0,0.15219196725892858,0.2857387810958286,0.20190920988741867,0.1413190587552891,0.09376005572319321,0.2772728945382704,0.37103295026146366
2026-04-13,2026-04-14,VN:VRE,0.25,0.22323049001814899,0,4.0,0.14910604726252175,0.2853612431300242,0.19992808401263135,0.14405865121149947,0.09609972370116668,0.2745522979446783,0.370652021645845
2026-04-13,2026-04-14,VN:BMP,0.25,0.11940180720514526,0,4.0,0.07024037354589896,0.29851282754960756,0.20093332979579753,0.14262563521510493,0.10279263193877905,0.25513557550071086,0.35792820743948994
2026-04-13,2026-04-14,VN:FPT,0.25,-0.030253311457041132,0,0.0,-0.056046567439685946,0.3156386888352134,0.2062371059787489,0.15437054519079219,0.09489653188812336,0.2288571281071221,0.32375365999524547
2026-04-23,2026-04-24,VN:FPT,0.25,-0.00537590394323928,4,1.0,0.2630033979267388,0.2827431303671469,0.18327769910212902,0.1388385018533245,0.08682732413451856,0.308313344542881,0.39514066867739955
2026-04-23,2026-04-24,VN:BCM,0.25,-0.016574585635359074,4,1.0,0.20627334406564618,0.2868512528113834,0.18688848336207145,0.14206357088590307,0.09286287288572083,0.2913338200549212,0.384196692940642
2026-04-23,2026-04-24,VN:VIC,0.25,0.07132867132867138,4,3.0,0.22673674166045926,0.2685026168412875,0.19786241208324407,0.14966222309331098,0.09515692826009702,0.28881581972206044,0.38397274798215747
2026-05-08,2026-05-11,VN:FPT,0.25,0.036165982826445564,4,2.0,0.2630033979267388,0.2827431303671469,0.18327769910212902,0.1388385018533245,0.08682732413451856,0.308313344542881,0.39514066867739955
2026-05-08,2026-05-11,VN:VIC,0.25,-0.05752212389380529,4,0.0,0.23255388559974294,0.2697758775120928,0.19405864902059172,0.15037192964449264,0.09560817091197413,0.2901853729108487,0.3857935438228228
2026-05-08,2026-05-11,VN:PLX,0.25,0.06382978723404253,0,3.0,0.15349857453636817,0.2852984220006395,0.20159803769598705,0.1411012635550734,0.09515668700563305,0.27684558974266704,0.3720022767483001
2026-05-20,2026-05-21,VN:DGC,0.25,,0,,0.1512054457901284,0.2901577565026952,0.20328856398795356,0.1300783714628705,0.09730820067798493,0.2791671073684958,0.37647530804648077
2026-05-20,2026-05-21,VN:VIC,0.25,,0,,0.15697973732680476,0.277142997426644,0.19935804308417376,0.15447832413795107,0.0982190653947135,0.27080156995651766,0.3690206353512312
2026-05-20,2026-05-21,VN:VHM,0.25,,0,,0.13603445684858478,0.27267667244856547,0.2051721631709909,0.15898357094848795,0.10147140768958021,0.26169618574237546,0.3631675934319557
